,time,Open,High,Low,Close,symbol,minute,hour,weekday,week,month,year,day,macd,boll_ub,boll_lb,rsi_30,dx_30,close_30_sma,close_60_sma
0,2019-12-30 00:00:00,1.11749,1.11749,1.11744,1.11744,GBPUSD,0,0,0,1,12,2019,30,-0.00014473780409307718,1.1180199481857034,1.1171410518142968,47.8590163515574,20.34885238857639,1.117798,1.1179176666666666
1,2019-12-30 00:05:00,1.11744,1.11744,1.11712,1.11729,GBPUSD,5,0,0,1,12,2019,30,-0.00014535169652174607,1.1179497170034216,1.1171382829965786,46.123230455337485,20.47878126709419,1.1177633333333334,1.1179143333333335
2,2019-12-30 00:10:00,1.11729,1.11768,1.11726,1.11767,GBPUSD,10,0,0,1,12,2019,30,-0.0001407277710974606,1.1178938969960133,1.1171661030039866,50.799676615363204,20.306974660747912,1.1177546666666667,1.1179198333333331
3,2019-12-30 00:15:00,1.11752,1.11754,1.11746,1.11753,GBPUSD,15,0,0,1,12,2019,30,-0.0001349761479047558,1.117799653868701,1.117214346131299,49.17297255872485,20.140894941279836,1.1177343333333336,1.1179186666666667
4,2019-12-30 00:20:00,1.11753,1.11753,1.11735,1.11752,GBPUSD,20,0,0,1,12,2019,30,-0.00012867112140537942,1.1177349735967284,1.117246026403272,49.05689643613255,20.076382891291672,1.1177116666666669,1.117915
5,2019-12-30 00:25:00,1.11752,1.11786,1.11739,1.1174,GBPUSD,25,0,0,1,12,2019,30,-0.00012397101474361538,1.1177045330162085,1.1172474669837917,47.66027883328078,19.633658124888573,1.1176679999999999,1.11791
6,2019-12-30 00:30:00,1.1174,1.11767,1.11721,1.11738,GBPUSD,30,0,0,1,12,2019,30,-0.0001205597614011002,1.1176928687831333,1.1172391312168664,47.427480694061906,19.369420793235275,1.1176400000000002,1.1179018333333335
7,2019-12-30 00:35:00,1.11752,1.11769,1.11729,1.11734,GBPUSD,35,0,0,1,12,2019,30,-0.00011849855644212518,1.1176791475419359,1.1172278524580643,46.95297730945789,19.092389040351243,1.1176110000000001,1.1178931666666665
8,2019-12-30 00:40:00,1.11734,1.1178,1.11731,1.1176,GBPUSD,40,0,0,1,12,2019,30,-0.00011297335709702536,1.1176910473870827,1.1172459526129173,50.29670608859702,18.71159258250823,1.1175893333333333,1.1178841666666666
9,2019-12-30 00:45:00,1.1176,1.1176,1.11746,1.11746,GBPUSD,45,0,0,1,12,2019,30,-0.00010754276235966164,1.117691530533837,1.117252469466163,48.590622001222606,18.34348933992665,1.1175646666666665,1.1178771666666667
10,2019-12-30 00:50:00,1.11746,1.11753,1.11746,1.11753,GBPUSD,50,0,0,1,12,2019,30,-0.00010109422388151328,1.1176970569043192,1.117257943095681,49.47704876597147,17.987656205431122,1.1175443333333335,1.1178701666666666
11,2019-12-30 00:55:00,1.11753,1.11784,1.11748,1.11779,GBPUSD,55,0,0,1,12,2019,30,-8.996713869661703e-05,1.1177523317165754,1.1172316682834245,52.616313371518096,17.440581000062792,1.1175366666666666,1.1178608333333335
12,2019-12-30 01:00:00,1.11779,1.1183,1.11754,1.11826,GBPUSD,0,1,0,1,12,2019,30,-6.878730246023576e-05,1.1179617105176605,1.1171002894823396,57.54891227005435,17.265733954791575,1.1175469999999998,1.1178623333333333
13,2019-12-30 01:05:00,1.11826,1.11835,1.11809,1.1181,GBPUSD,5,1,0,1,12,2019,30,-4.481280500869633e-05,1.1180596823670046,1.1170763176329952,55.51377776264208,17.1311952344214,1.1175506666666666,1.1178618333333332
14,2019-12-30 01:10:00,1.11814,1.11815,1.11804,1.11806,GBPUSD,10,1,0,1,12,2019,30,-2.0879490012342834e-05,1.118132718917216,1.1170672810827837,55.01066405313536,16.955416641924394,1.1175576666666664,1.1178641666666667
15,2019-12-30 01:15:00,1.11806,1.11813,1.11803,1.11807,GBPUSD,15,1,0,1,12,2019,30,1.9805214397331484e-06,1.1181981336579878,1.1170558663420125,55.115865446110135,16.776009234737938,1.1175703333333333,1.1178676666666665
16,2019-12-30 01:20:00,1.11807,1.11816,1.11802,1.11805,GBPUSD,20,1,0,1,12,2019,30,2.2645845120813406e-05,1.1182521687344391,1.117057831265561,54.85049916139221,16.625677451199543,1.1175859999999997,1.117871833333333
17,2019-12-30 01:25:00,1.11805,1.1182,1.11805,1.11819,GBPUSD,25,1,0,1,12,2019,30,4.303427438185197e-05,1.1183239274772219,1.1170370725227783,56.37160572040124,16.511429089383427,1.1176059999999999,1.1178755
18,2019-12-30 01:30:00,1.11819,1.11821,1.1181,1.11811,GBPUSD,30,1,0,1,12,2019,30,6.0805919339926775e-05,1.1183758750649593,1.1170361249350405,55.2708572405055,16.409133704559302,1.1176329999999999,1.117878
19,2019-12-30 01:35:00,1.11811,1.11814,1.11794,1.11797,GBPUSD,35,1,0,1,12,2019,30,7.363358837392737e-05,1.1183932331626154,1.1170827668373844,53.38374374131563,16.13827529192591,1.117652333333333,1.117877
20,2019-12-30 01:40:00,1.11797,1.11817,1.11796,1.11816,GBPUSD,40,1,0,1,12,2019,30,8.555353466089099e-05,1.1184393340850727,1.1171086659149274,55.516070639619905,15.902693765836528,1.117677,1.1178793333333334
21,2019-12-30 01:45:00,1.11816,1.11837,1.11816,1.1183,GBPUSD,45,1,0,1,12,2019,30,9.83182990567797e-05,1.1184884744545827,1.1171605255454173,57.01483274985082,15.841931340326662,1.1177036666666667,1.1178808333333334
22,2019-12-30 01:50:00,1.1183,1.11833,1.11825,1.11831,GBPUSD,50,1,0,1,12,2019,30,0.00011087888590234381,1.1185501486085385,1.117162851391461,57.12158168239042,15.783194329000457,1.1177313333333332,1.1178826666666666
23,2019-12-30 01:55:00,1.11831,1.11831,1.11807,1.11811,GBPUSD,55,1,0,1,12,2019,30,0.00011920945289679377,1.1185701120472835,1.1172008879527167,54.33007619055895,15.534356687252965,1.1177563333333334,1.1178785
24,2019-12-30 02:00:00,1.1181,1.11821,1.11804,1.11819,GBPUSD,0,2,0,1,12,2019,30,0.0001254566741297831,1.1185938067735295,1.1172441932264703,55.23530249304209,15.262881067827431,1.1177819999999998,1.1178715
25,2019-12-30 02:05:00,1.11819,1.11833,1.11819,1.11829,GBPUSD,5,2,0,1,12,2019,30,0.00013138010539837683,1.1186110305093573,1.1173159694906425,56.353979720295555,15.106404535773843,1.1178073333333332,1.1178661666666665
26,2019-12-30 02:10:00,1.11829,1.11829,1.11816,1.11826,GBPUSD,10,2,0,1,12,2019,30,0.0001360120010207624,1.1186058089964936,1.1174091910035064,55.92028609431293,14.922962746846935,1.117833,1.1178645
27,2019-12-30 02:15:00,1.11826,1.11833,1.11825,1.11833,GBPUSD,15,2,0,1,12,2019,30,0.0001403983857529971,1.1185821205099993,1.1175318794900004,56.72418919464776,14.782323850620886,1.1178546666666667,1.1178645
28,2019-12-30 02:20:00,1.11833,1.11837,1.11829,1.11837,GBPUSD,20,2,0,1,12,2019,30,0.00014471912779712016,1.1185916525365203,1.1175993474634796,57.185760054880014,14.684175494804755,1.1178803333333331,1.1178661666666667
29,2019-12-30 02:25:00,1.11836,1.1184,1.11831,1.11838,GBPUSD,25,2,0,1,12,2019,30,0.0001486019258320581,1.1185529300765822,1.1177300699234176,57.30353376798132,14.620344414093303,1.1179153333333334,1.1178686666666666
30,2019-12-30 02:30:00,1.11837,1.11841,1.11833,1.11841,GBPUSD,30,2,0,1,12,2019,30,0.00015214662498800013,1.1184978745601215,1.1178731254398786,57.664947577015056,14.569317521239455,1.1179476666666666,1.1178728333333334
31,2019-12-30 02:35:00,1.11841,1.11845,1.11833,1.11842,GBPUSD,35,2,0,1,12,2019,30,0.0001551063625546931,1.1184854143939202,1.1179485856060798,57.78815847170499,14.564631074225401,1.1179853333333332,1.1178743333333334
32,2019-12-30 02:40:00,1.11842,1.1185,1.11841,1.11849,GBPUSD,40,2,0,1,12,2019,30,0.00015830759353760708,1.1185231022698314,1.1179338977301687,58.659416726588084,14.61867002127451,1.1180126666666665,1.1178836666666667
33,2019-12-30 02:45:00,1.11849,1.11853,1.11845,1.11852,GBPUSD,45,2,0,1,12,2019,30,0.0001616101915480583,1.1185646924600356,1.1179343075399641,59.03428579697527,14.706794129459718,1.1180456666666667,1.11789
34,2019-12-30 02:50:00,1.11852,1.11879,1.11852,1.11875,GBPUSD,50,2,0,1,12,2019,30,0.00016810437015515056,1.1186575124496199,1.1179104875503798,61.7827629647398,15.073129769930729,1.1180866666666667,1.1178991666666669
35,2019-12-30 02:55:00,1.11874,1.11876,1.11866,1.11875,GBPUSD,55,2,0,1,12,2019,30,0.00017587539021170397,1.1187311827332713,1.1179048172667285,61.7827629647398,15.427254222386036,1.1181316666666667,1.1178998333333332
36,2019-12-30 03:00:00,1.11875,1.11879,1.1187,1.1187,GBPUSD,0,3,0,1,12,2019,30,0.00018284076365194946,1.1187769652420214,1.1179240347579786,60.83324912856258,15.804411537725095,1.1181756666666665,1.1179078333333334
37,2019-12-30 03:05:00,1.1187,1.11886,1.1187,1.11884,GBPUSD,5,3,0,1,12,2019,30,0.00019075292416391616,1.1188546421173546,1.1179113578826456,62.502485139627495,16.25268111966246,1.1182256666666668,1.1179183333333333
38,2019-12-30 03:10:00,1.11883,1.11909,1.11883,1.11905,GBPUSD,10,3,0,1,12,2019,30,0.00020175940679280222,1.1189695514438371,1.117890448556163,64.8284654437972,16.941975623503314,1.118274,1.1179316666666665
39,2019-12-30 03:15:00,1.11905,1.11927,1.11904,1.11925,GBPUSD,15,3,0,1,12,2019,30,0.00021685940526189223,1.1191029991552315,1.1178850008447683,66.85412735512587,17.775386977415142,1.1183336666666668,1.1179491666666665
40,2019-12-30 03:20:00,1.11926,1.11928,1.1192,1.11921,GBPUSD,20,3,0,1,12,2019,30,0.0002326011301947864,1.119212620719673,1.1178803792803271,66.0668773400586,18.589800642150152,1.1183896666666666,1.117967
41,2019-12-30 03:25:00,1.1192,1.1192,1.11902,1.11904,GBPUSD,25,3,0,1,12,2019,30,0.0002446774738716588,1.1192737409743352,1.1178932590256647,62.81481597520917,18.99616429976354,1.1184313333333333,1.1179839999999999
42,2019-12-30 03:30:00,1.11905,1.11921,1.11902,1.1192,GBPUSD,30,3,0,1,12,2019,30,0.00025581840279331427,1.1193576314661082,1.1178983685338917,64.51544143525453,19.400943468914317,1.1184626666666666,1.1180048333333334
43,2019-12-30 03:35:00,1.1192,1.11927,1.11919,1.11921,GBPUSD,35,3,0,1,12,2019,30,0.00026536548823763185,1.1194140583334191,1.117951941666581,64.62005768227584,19.86670858744282,1.118499666666667,1.1180251666666665
44,2019-12-30 03:40:00,1.11921,1.11941,1.1192,1.11939,GBPUSD,40,3,0,1,12,2019,30,0.0002756800827196295,1.1195001998085177,1.1179858001914824,66.4612628980218,20.474820079334386,1.118544,1.118050833333333
45,2019-12-30 03:45:00,1.1194,1.1195,1.11939,1.11945,GBPUSD,45,3,0,1,12,2019,30,0.0002862639631948822,1.1195891730857983,1.1180128269142016,67.05251051874671,21.15558091606395,1.11859,1.1180801666666664
46,2019-12-30 03:50:00,1.11945,1.11949,1.11944,1.11945,GBPUSD,50,3,0,1,12,2019,30,0.0002958093489328869,1.1196563437908864,1.1180646562091137,67.05251051874671,21.813649724902533,1.1186366666666667,1.118111333333333
47,2019-12-30 03:55:00,1.11945,1.11949,1.11933,1.11944,GBPUSD,55,3,0,1,12,2019,30,0.000303369687893326,1.1197108889181036,1.1181211110818965,66.84234105501096,22.183892865221058,1.1186783333333332,1.1181421666666667
48,2019-12-30 04:00:00,1.11944,1.11945,1.11918,1.11919,GBPUSD,0,4,0,1,12,2019,30,0.00030460946765649356,1.1197171412420819,1.1181968587579185,61.83025118622564,22.225057507309202,1.1187143333333334,1.1181736666666666
49,2019-12-30 04:05:00,1.1192,1.11931,1.11914,1.11931,GBPUSD,5,4,0,1,12,2019,30,0.0003030429153820897,1.119727967842821,1.1182790321571792,63.200421445688825,22.18475996393998,1.118759,1.1182056666666667
50,2019-12-30 04:10:00,1.11931,1.1195,1.11931,1.11949,GBPUSD,10,4,0,1,12,2019,30,0.0003019806285814749,1.119756246978163,1.1183587530218366,65.14207305000932,22.37662562413597,1.1188033333333334,1.1182401666666668
51,2019-12-30 04:15:00,1.11949,1.11958,1.11945,1.11956,GBPUSD,15,4,0,1,12,2019,30,0.0003017186266198537,1.1197794566448211,1.1184495433551784,65.86660368944959,22.652021095826772,1.1188453333333335,1.1182744999999998
52,2019-12-30 04:20:00,1.11956,1.11998,1.11955,1.11998,GBPUSD,20,4,0,1,12,2019,30,0.00030798513918635725,1.1198921328185658,1.1184858671814342,69.76701761821471,23.269480285023906,1.1189010000000001,1.1183161666666666
53,2019-12-30 04:25:00,1.11998,1.12008,1.11982,1.11996,GBPUSD,25,4,0,1,12,2019,30,0.0003169940484868102,1.1199705706429852,1.118551429357015,69.37649381958663,23.940179662342576,1.1189626666666668,1.1183595000000002
54,2019-12-30 04:30:00,1.11996,1.12025,1.11995,1.12022,GBPUSD,30,4,0,1,12,2019,30,0.00033067523160938765,1.1201215123201853,1.118547487679815,71.52036357095311,24.70273222847463,1.1190303333333336,1.1184061666666667
55,2019-12-30 04:35:00,1.12022,1.12037,1.1202,1.12036,GBPUSD,35,4,0,1,12,2019,30,0.00034804765771240313,1.1202761497653946,1.1185538502346055,72.58927554528634,25.514456435287673,1.1190993333333334,1.1184533333333333
56,2019-12-30 04:40:00,1.12036,1.12043,1.12034,1.12042,GBPUSD,40,4,0,1,12,2019,30,0.0003669869860639446,1.1204040218115436,1.1185979781884565,73.03792514340975,26.335588075578553,1.1191713333333333,1.1185021666666666
57,2019-12-30 04:45:00,1.12041,1.12045,1.12036,1.12036,GBPUSD,45,4,0,1,12,2019,30,0.00038412188496861837,1.1205013854131929,1.1186526145868072,71.82183292283707,27.141537175807855,1.119239,1.1185468333333333
58,2019-12-30 04:50:00,1.12036,1.12047,1.12036,1.12045,GBPUSD,50,4,0,1,12,2019,30,0.00039978796869908744,1.1206143860452502,1.11867961395475,72.5315205250577,27.932967111468443,1.1193083333333333,1.1185943333333335
59,2019-12-30 04:55:00,1.12045,1.12047,1.12038,1.1204,GBPUSD,55,4,0,1,12,2019,30,0.00041200326709075124,1.1207085439141777,1.1187004560858225,71.49663847653288,28.698016049273683,1.1193756666666668,1.1186455
60,2019-12-30 05:00:00,1.1204,1.12072,1.12038,1.12071,GBPUSD,0,5,0,1,12,2019,30,0.00042542216411886434,1.1208499150560056,1.1187090849439942,73.88635564171581,29.579635923417264,1.1194523333333335,1.1187
61,2019-12-30 05:05:00,1.12071,1.12078,1.12068,1.12077,GBPUSD,5,5,0,1,12,2019,30,0.00043887965449000845,1.120964044181125,1.118767955818875,74.31747834932901,30.46352260379758,1.1195306666666667,1.118758
62,2019-12-30 05:10:00,1.12077,1.12081,1.12069,1.12076,GBPUSD,10,5,0,1,12,2019,30,0.00045049603086980817,1.121064251838471,1.118823748161529,74.1065368940164,31.33370709629748,1.1196063333333335,1.1188095000000002
63,2019-12-30 05:15:00,1.12076,1.12107,1.12069,1.12075,GBPUSD,15,5,0,1,12,2019,30,0.0004591631672832995,1.121140528083152,1.118901471916848,73.88957802122628,32.29589253804511,1.1196806666666665,1.1188631666666666
64,2019-12-30 05:20:00,1.12075,1.12076,1.12058,1.12063,GBPUSD,20,5,0,1,12,2019,30,0.00046256637595766477,1.1211926912669357,1.1189733087330642,71.29835432856335,33.034480724511376,1.1197433333333333,1.118915
65,2019-12-30 05:25:00,1.12063,1.12077,1.12044,1.12044,GBPUSD,25,5,0,1,12,2019,30,0.0004584062335124646,1.1212111907134494,1.1190538092865505,67.42541275729413,33.525480232667014,1.1197996666666665,1.1189656666666667
66,2019-12-30 05:30:00,1.12045,1.12045,1.12018,1.12019,GBPUSD,30,5,0,1,12,2019,30,0.0004446902061324562,1.1211992771718693,1.1191397228281303,62.783304401457826,33.632758111448105,1.1198493333333335,1.1190125
67,2019-12-30 05:35:00,1.1202,1.12021,1.12013,1.12014,GBPUSD,35,5,0,1,12,2019,30,0.00042389249229443117,1.12117580350426,1.11923319649574,61.90155240250773,33.66889023461666,1.1198926666666664,1.1190591666666667
68,2019-12-30 05:40:00,1.12014,1.12015,1.12004,1.12005,GBPUSD,40,5,0,1,12,2019,30,0.0003973443309350524,1.1210983787856765,1.1193966212143236,60.32398448808523,33.57999983062917,1.119926,1.1191
69,2019-12-30 05:45:00,1.12005,1.12006,1.11979,1.11992,GBPUSD,45,5,0,1,12,2019,30,0.00036560389678241936,1.1210247430844877,1.1195312569155125,58.11104612585078,33.17562677652887,1.1199483333333333,1.119141
70,2019-12-30 05:50:00,1.11992,1.11996,1.11988,1.1199,GBPUSD,50,5,0,1,12,2019,30,0.0003311205590869735,1.1209731936712461,1.119623806328754,57.77374351162973,32.78473282423192,1.1199713333333332,1.1191805
71,2019-12-30 05:55:00,1.1199,1.12,1.11986,1.1199,GBPUSD,55,5,0,1,12,2019,30,0.00029597100539976296,1.1209259174348398,1.1197050825651602,57.77374351162973,32.439449970772294,1.12,1.1192156666666666
72,2019-12-30 06:00:00,1.11989,1.11991,1.11966,1.11969,GBPUSD,0,6,0,1,12,2019,30,0.0002582214729813514,1.1209570455476152,1.1196449544523848,54.23632013382174,31.861409192229896,1.1200163333333333,1.1192395
73,2019-12-30 06:05:00,1.1197,1.11971,1.11956,1.11957,GBPUSD,5,6,0,1,12,2019,30,0.00021831814824742053,1.1210003960634332,1.1195626039365671,52.341837176020505,31.18881097839064,1.1200283333333334,1.1192640000000003
74,2019-12-30 06:10:00,1.11958,1.11972,1.11958,1.11969,GBPUSD,10,6,0,1,12,2019,30,0.00018057360512911731,1.1210209737335872,1.1194890262664128,54.003890094143784,30.547736953377182,1.1200383333333332,1.1192911666666667
75,2019-12-30 06:15:00,1.1197,1.11976,1.11961,1.11962,GBPUSD,15,6,0,1,12,2019,30,0.00014463240293592958,1.1210325673520782,1.1194034326479216,52.89080647756166,29.964852694797735,1.120044,1.119317
76,2019-12-30 06:20:00,1.11962,1.11967,1.11962,1.11964,GBPUSD,20,6,0,1,12,2019,30,0.0001116950389237118,1.1210268554820486,1.119331144517951,53.176056668419584,29.40139791150426,1.1200503333333336,1.1193435
77,2019-12-30 06:25:00,1.11964,1.11971,1.11964,1.11971,GBPUSD,25,6,0,1,12,2019,30,8.322928706675929e-05,1.1210147292763637,1.1192782707236366,54.18058256767351,28.8957364167674,1.1200593333333333,1.1193688333333331
78,2019-12-30 06:30:00,1.11971,1.1199,1.11971,1.11987,GBPUSD,30,6,0,1,12,2019,30,6.142148700088675e-05,1.1209817824663255,1.1192532175336742,56.392648478816064,28.586755133003265,1.120082,1.1193981666666668
79,2019-12-30 06:35:00,1.11987,1.1199,1.11984,1.11984,GBPUSD,35,6,0,1,12,2019,30,4.431133857502895e-05,1.1209515288018865,1.1192274711981134,55.86947273348874,28.288073225364606,1.120099666666667,1.1194293333333332
80,2019-12-30 06:40:00,1.11984,1.12006,1.11984,1.11996,GBPUSD,40,6,0,1,12,2019,30,3.285606485282213e-05,1.1208641861159,1.1192398138841,57.50097370989611,28.145091355208635,1.1201153333333334,1.1194593333333336
81,2019-12-30 06:45:00,1.11996,1.12008,1.11996,1.12001,GBPUSD,45,6,0,1,12,2019,30,2.6268496599041064e-05,1.120752516273931,1.1192754837260692,58.16758576932724,28.024604880542803,1.1201303333333332,1.1194878333333333
82,2019-12-30 06:50:00,1.12001,1.1201,1.12001,1.12009,GBPUSD,50,6,0,1,12,2019,30,2.4293725102135696e-05,1.1206322175465988,1.1193287824534013,59.22615458906623,27.927433724623874,1.120134,1.1195175000000002
83,2019-12-30 06:55:00,1.12009,1.12009,1.11965,1.11965,GBPUSD,55,6,0,1,12,2019,30,1.823837269914989e-05,1.1204825778765528,1.119368422123447,51.77217010935187,27.32812025436015,1.1201236666666667,1.1195431666666666
84,2019-12-30 07:00:00,1.11966,1.11987,1.11951,1.11982,GBPUSD,0,7,0,1,12,2019,30,1.2613504588762877e-05,1.1203336470568244,1.1194363529431757,54.08198691820305,26.580271832958722,1.1201103333333333,1.1195703333333333
85,2019-12-30 07:05:00,1.11983,1.11992,1.11978,1.11978,GBPUSD,5,7,0,1,12,2019,30,6.886395207546154e-06,1.120218295785738,1.1194857042142616,53.458778693048544,25.910605941555254,1.120091,1.1195951666666668
86,2019-12-30 07:10:00,1.11979,1.11991,1.11968,1.11988,GBPUSD,10,7,0,1,12,2019,30,2.975173623665985e-06,1.1201670672517245,1.1195059327482757,54.805655561882276,25.147049709928215,1.120073,1.1196221666666666
87,2019-12-30 07:15:00,1.11988,1.11995,1.11986,1.11987,GBPUSD,15,7,0,1,12,2019,30,2.4082284791309687e-07,1.120121917296284,1.1195240827037156,54.6420716715676,24.452160543576323,1.1200566666666667,1.1196478333333333
88,2019-12-30 07:20:00,1.11987,1.11996,1.11981,1.11983,GBPUSD,20,7,0,1,12,2019,30,-2.2512744412452934e-06,1.120091292287034,1.119532707712966,53.975426881737214,23.721795560780997,1.120036,1.1196721666666667
89,2019-12-30 07:25:00,1.11983,1.1201,1.11983,1.1201,GBPUSD,25,7,0,1,12,2019,30,-1.4806866283319335e-07,1.1201254165645207,1.1195165834354792,57.58850954071608,23.16243176293657,1.120026,1.1197008333333331
90,2019-12-30 07:30:00,1.12008,1.12022,1.12007,1.12016,GBPUSD,30,7,0,1,12,2019,30,5.682732965926219e-06,1.1201728773610133,1.1194951226389867,58.34033094671851,22.7451444747837,1.1200076666666667,1.1197300000000001
91,2019-12-30 07:35:00,1.12016,1.12019,1.12008,1.12011,GBPUSD,35,7,0,1,12,2019,30,1.273358630618684e-05,1.1202043522686895,1.1194846477313103,57.46220770855224,22.341766762902594,1.1199856666666668,1.1197581666666667
92,2019-12-30 07:40:00,1.12011,1.12012,1.12006,1.12007,GBPUSD,40,7,0,1,12,2019,30,1.9512327982675103e-05,1.1202290867274411,1.119497913272559,56.75523001095647,21.925602734205498,1.1199626666666664,1.1197845000000002
93,2019-12-30 07:45:00,1.12006,1.12025,1.12006,1.12024,GBPUSD,45,7,0,1,12,2019,30,2.8432940669792566e-05,1.120272014347118,1.1195219856528822,58.974399823917885,21.665279235071093,1.1199456666666667,1.1198131666666666
94,2019-12-30 07:50:00,1.12024,1.12051,1.12024,1.12034,GBPUSD,50,7,0,1,12,2019,30,3.9759040525981825e-05,1.120339966964524,1.119519033035476,60.21671536188747,21.66456788272803,1.1199359999999998,1.1198396666666666
95,2019-12-30 07:55:00,1.12033,1.12035,1.12011,1.12023,GBPUSD,55,7,0,1,12,2019,30,5.015351561706543e-05,1.1203642406429177,1.119555759357082,58.21087197596419,21.485079244917856,1.119929,1.1198643333333334
96,2019-12-30 08:00:00,1.12024,1.12028,1.12021,1.12025,GBPUSD,0,8,0,1,12,2019,30,5.962394910558478e-05,1.1203850136546463,1.1195959863453535,58.47106242255388,21.31157356170136,1.119931,1.1198901666666667
97,2019-12-30 08:05:00,1.12025,1.12026,1.12002,1.12004,GBPUSD,5,8,0,1,12,2019,30,6.453243305553418e-05,1.12037908370948,1.11963491629052,54.76714979804599,20.891943022384975,1.1199276666666667,1.1199101666666667
98,2019-12-30 08:10:00,1.12004,1.12018,1.12003,1.12017,GBPUSD,10,8,0,1,12,2019,30,6.82512561803899e-05,1.1203950161172158,1.1196489838827843,56.53055125461325,20.486300167712475,1.1199316666666668,1.1199288333333335
99,2019-12-30 08:15:00,1.12017,1.12021,1.11991,1.11999,GBPUSD,15,8,0,1,12,2019,30,6.800212280390245e-05,1.120393019307411,1.119665980692589,53.54080358736596,19.94365669766708,1.1199340000000002,1.1199411666666668
100,2019-12-30 08:20:00,1.11999,1.11999,1.11945,1.11947,GBPUSD,20,8,0,1,12,2019,30,5.682772425817855e-05,1.120446027475594,1.1195639725244058,46.233426892534865,19.595039911279358,1.1199196666666669,1.1199455
101,2019-12-30 08:25:00,1.11947,1.11955,1.11926,1.11955,GBPUSD,25,8,0,1,12,2019,30,4.053819299619942e-05,1.1204676509169929,1.1194963490830068,47.37647999206216,19.414491230505096,1.119908,1.1199540000000001
102,2019-12-30 08:30:00,1.11957,1.11957,1.11931,1.11932,GBPUSD,30,8,0,1,12,2019,30,1.8134609378820512e-05,1.1205086743769264,1.119378325623074,44.559062543687766,19.218628292506786,1.1198956666666668,1.119956
103,2019-12-30 08:35:00,1.11932,1.11936,1.11918,1.11926,GBPUSD,35,8,0,1,12,2019,30,-7.925308332940603e-06,1.1205549024217798,1.11929309757822,43.8552505275085,19.133451555465918,1.1198853333333332,1.1199568333333334
104,2019-12-30 08:40:00,1.11926,1.11935,1.11922,1.11932,GBPUSD,40,8,0,1,12,2019,30,-3.393551313362545e-05,1.120584516303708,1.119213483696292,44.75788964361321,19.051114042993074,1.119873,1.1199556666666668
105,2019-12-30 08:45:00,1.11932,1.11944,1.11924,1.11928,GBPUSD,45,8,0,1,12,2019,30,-5.911189166853464e-05,1.1206122311523017,1.1191357688476984,44.26707464882646,18.870618701386206,1.1198616666666665,1.1199528333333333
106,2019-12-30 08:50:00,1.11929,1.11944,1.11929,1.11942,GBPUSD,50,8,0,1,12,2019,30,-8.007751049731442e-05,1.1206165998491155,1.1190854001508848,46.39541679840406,18.696139871166235,1.1198543333333333,1.1199523333333334
107,2019-12-30 08:55:00,1.11943,1.11955,1.11941,1.11954,GBPUSD,55,8,0,1,12,2019,30,-9.520781157629662e-05,1.120612499440209,1.1190565005597912,48.151097916097,18.40673119880535,1.1198486666666667,1.119954
108,2019-12-30 09:00:00,1.11953,1.11979,1.11943,1.11968,GBPUSD,0,9,0,1,12,2019,30,-0.00010343687705965188,1.1206080680760933,1.119045931923907,50.12268877025835,17.88713325219791,1.1198423333333334,1.1199621666666668
109,2019-12-30 09:05:00,1.1197,1.1205,1.11966,1.12028,GBPUSD,5,9,0,1,12,2019,30,-9.710059742164497e-05,1.1206342717994562,1.1190377282005435,57.31826767260476,17.71435995380734,1.1198569999999999,1.1199783333333333
110,2019-12-30 09:10:00,1.12028,1.12032,1.12011,1.12017,GBPUSD,10,9,0,1,12,2019,30,-8.350087374006294e-05,1.1206356383336658,1.1190373616663345,55.791765241297334,17.54734576536312,1.119864,1.1199896666666664
111,2019-12-30 09:15:00,1.12017,1.1204,1.12013,1.12022,GBPUSD,15,9,0,1,12,2019,30,-6.507344785664208e-05,1.120650523001995,1.119033476998005,56.33853355477616,17.436920108593487,1.119871,1.1200006666666666
112,2019-12-30 09:20:00,1.12023,1.12035,1.12018,1.12023,GBPUSD,20,9,0,1,12,2019,30,-4.4278248165709864e-05,1.1206710903998678,1.1190289096001322,56.44997374329425,17.33017530704951,1.1198756666666667,1.1200048333333334
113,2019-12-30 09:25:00,1.12023,1.12036,1.12015,1.1203,GBPUSD,25,9,0,1,12,2019,30,-2.187136425292722e-05,1.120680503520436,1.119025496479564,57.24028759234812,17.199814471277097,1.1198973333333335,1.1200105
114,2019-12-30 09:30:00,1.12031,1.12053,1.12026,1.1204,GBPUSD,30,9,0,1,12,2019,30,2.0163770849337617e-06,1.1206913354022359,1.119020664597764,58.357092796781224,17.19113755049493,1.1199166666666664,1.1200134999999998
115,2019-12-30 09:35:00,1.1204,1.12056,1.1203,1.1204,GBPUSD,35,9,0,1,12,2019,30,2.5575460563115753e-05,1.12071909684094,1.1190099031590601,58.357092796781224,17.202801709155217,1.1199373333333333,1.1200141666666668
116,2019-12-30 09:40:00,1.1204,1.12044,1.12024,1.12025,GBPUSD,40,9,0,1,12,2019,30,4.524208753535799e-05,1.1207190968409397,1.11900990315906,56.00888070544996,17.155990119141478,1.1199496666666668,1.1200113333333335
117,2019-12-30 09:45:00,1.12026,1.12043,1.12014,1.12014,GBPUSD,45,9,0,1,12,2019,30,5.9579939471623725e-05,1.1207295728075162,1.119009427192484,54.349804477252896,17.01714778906537,1.1199586666666665,1.1200076666666667
118,2019-12-30 09:50:00,1.12014,1.12015,1.11953,1.11958,GBPUSD,50,9,0,1,12,2019,30,6.075593689186067e-05,1.1206971433415205,1.1189828566584794,47.015351435645776,16.489835034513547,1.1199503333333332,1.1199931666666667
119,2019-12-30 09:55:00,1.11958,1.11989,1.11948,1.11958,GBPUSD,55,9,0,1,12,2019,30,5.348221609109045e-05,1.1206811379582347,1.1189578620417653,47.015351435645776,16.014180080202856,1.119933,1.1199795000000001
120,2019-12-30 10:00:00,1.11955,1.11962,1.11933,1.11961,GBPUSD,0,10,0,1,12,2019,30,4.1650411761079785e-05,1.1206784024978291,1.118974597502171,47.42212481064837,15.654060832754677,1.1199146666666666,1.1199611666666667
121,2019-12-30 10:05:00,1.11962,1.11998,1.11959,1.11992,GBPUSD,5,10,0,1,12,2019,30,3.2432870946235444e-05,1.1206876399446586,1.1190023600553418,51.40975814156382,15.198205528751688,1.1199083333333335,1.119947
122,2019-12-30 10:10:00,1.11992,1.12033,1.11986,1.12032,GBPUSD,10,10,0,1,12,2019,30,3.164494388517115e-05,1.1207250538806337,1.1190649461193665,55.87661992824909,14.9582696731445,1.119916666666667,1.1199396666666666
123,2019-12-30 10:15:00,1.1203,1.12044,1.12027,1.12029,GBPUSD,15,10,0,1,12,2019,30,3.563108214786529e-05,1.1207375625582536,1.1191554374417467,55.48090583539759,14.786520177600625,1.1199183333333333,1.119932
124,2019-12-30 10:20:00,1.12029,1.12033,1.11978,1.11984,GBPUSD,20,10,0,1,12,2019,30,3.513985448887412e-05,1.1207091745853868,1.1192358254146133,49.98766366583601,14.325715655334154,1.1199016666666668,1.1199188333333334
125,2019-12-30 10:25:00,1.11984,1.11984,1.11964,1.11971,GBPUSD,25,10,0,1,12,2019,30,2.9713886666273293e-05,1.1206680107546518,1.119319989245348,48.55105664788608,13.894705671197402,1.1198843333333335,1.1199066666666666
126,2019-12-30 10:30:00,1.11972,1.11992,1.11969,1.11977,GBPUSD,30,10,0,1,12,2019,30,2.2368898509165467e-05,1.1206393543013327,1.1193836456986672,49.24746510730548,13.432846880090613,1.1198683333333335,1.1198996666666667
127,2019-12-30 10:35:00,1.11976,1.11988,1.11962,1.11966,GBPUSD,35,10,0,1,12,2019,30,1.2400173000782294e-05,1.1206284483331734,1.1194065516668268,48.0148490038799,13.026162406240918,1.1198556666666666,1.1198916666666667
128,2019-12-30 10:40:00,1.11967,1.11993,1.11966,1.11987,GBPUSD,40,10,0,1,12,2019,30,4.631681662408628e-06,1.1206215400455874,1.1194324599544123,50.46345836650956,12.603911252610311,1.1198456666666665,1.1198886666666668
129,2019-12-30 10:45:00,1.11988,1.12017,1.1198,1.11983,GBPUSD,45,10,0,1,12,2019,30,-1.9992415486363333e-06,1.1205927525169534,1.1194162474830467,49.99940387993799,12.308294975930366,1.119840333333333,1.1198871666666668
130,2019-12-30 10:50:00,1.11983,1.11995,1.11972,1.11989,GBPUSD,50,10,0,1,12,2019,30,-6.607733510881569e-06,1.1205754867047675,1.1194055132952323,50.7028459359801,11.972919113058447,1.1198543333333333,1.1198869999999999
131,2019-12-30 10:55:00,1.1199,1.11991,1.11955,1.11968,GBPUSD,55,10,0,1,12,2019,30,-1.3042386972660543e-05,1.1205537104642613,1.119373289535739,48.245311762208715,11.602344854959231,1.1198586666666666,1.1198833333333333
132,2019-12-30 11:00:00,1.11968,1.11975,1.1194,1.11941,GBPUSD,0,11,0,1,12,2019,30,-2.4562293986080498e-05,1.1205476525898086,1.1192973474101913,45.32346105477102,11.332333014519543,1.1198616666666665,1.119878666666667
133,2019-12-30 11:05:00,1.11941,1.11946,1.11915,1.11922,GBPUSD,5,11,0,1,12,2019,30,-4.1641003441453025e-05,1.1205411311044327,1.1191958688955677,43.4096363941874,11.21092089965016,1.1198603333333332,1.1198728333333332
134,2019-12-30 11:10:00,1.11922,1.11939,1.11921,1.11929,GBPUSD,10,11,0,1,12,2019,30,-6.009685101791211e-05,1.1204841529534026,1.1191418470465977,44.30594103661039,11.093555855276428,1.1198593333333333,1.1198661666666667
135,2019-12-30 11:15:00,1.1193,1.11956,1.11927,1.11946,GBPUSD,15,11,0,1,12,2019,30,-7.559915247020208e-05,1.1203943612542229,1.1191376387457772,46.43726772056377,10.871803774719947,1.1198653333333335,1.1198635000000001
136,2019-12-30 11:20:00,1.11946,1.11947,1.11925,1.11931,GBPUSD,20,11,0,1,12,2019,30,-9.065842880563711e-05,1.1203354379616355,1.1191025620383643,44.86993155946313,10.669022147815028,1.1198616666666665,1.119858
137,2019-12-30 11:25:00,1.11932,1.11932,1.11914,1.11915,GBPUSD,25,11,0,1,12,2019,30,-0.00010699667108596813,1.1203023706299315,1.1190366293700686,43.2588324092618,10.537042007013742,1.1198486666666665,1.1198486666666667
138,2019-12-30 11:30:00,1.11915,1.11926,1.11897,1.11926,GBPUSD,30,11,0,1,12,2019,30,-0.00012128121397332763,1.1203115761214317,1.1189954238785684,44.67172754833258,10.507350843987426,1.1198346666666668,1.1198385
139,2019-12-30 11:35:00,1.11926,1.11956,1.11919,1.11951,GBPUSD,35,11,0,1,12,2019,30,-0.00012926469011774873,1.1203104623360858,1.1189895376639143,47.73172064461323,10.27012788068974,1.119809,1.119833
140,2019-12-30 11:40:00,1.1195,1.11957,1.11945,1.11947,GBPUSD,40,11,0,1,12,2019,30,-0.00013322382894997203,1.120308198009712,1.1189778019902878,47.298742306887604,10.033976429654523,1.1197856666666666,1.1198248333333332
141,2019-12-30 11:45:00,1.11947,1.11972,1.11936,1.11961,GBPUSD,45,11,0,1,12,2019,30,-0.0001319157842312561,1.1202798439297266,1.1189751560702734,48.97459873087946,9.704002552052398,1.1197653333333333,1.119818166666667
142,2019-12-30 11:50:00,1.11963,1.11973,1.11955,1.11961,GBPUSD,50,11,0,1,12,2019,30,-0.00012707427801469104,1.1201571119800708,1.119026888019929,48.97459873087945,9.382828359662353,1.1197446666666666,1.1198101666666667
143,2019-12-30 11:55:00,1.11961,1.11997,1.11961,1.11993,GBPUSD,55,11,0,1,12,2019,30,-0.00011487682525236795,1.1200633561532836,1.1190846438467161,52.657070396969594,9.22985918102512,1.119732333333333,1.1198148333333333
144,2019-12-30 12:00:00,1.11993,1.12008,1.11979,1.11996,GBPUSD,0,12,0,1,12,2019,30,-9.796775833211944e-05,1.1200857563096556,1.119074243690344,52.98612921077605,9.151424381412964,1.1197176666666666,1.1198171666666668
145,2019-12-30 12:05:00,1.11996,1.12022,1.11982,1.12001,GBPUSD,5,12,0,1,12,2019,30,-7.797093502987734e-05,1.1201337118871793,1.1190562881128205,53.54285700500545,9.16123500714909,1.1197046666666666,1.1198209999999997
146,2019-12-30 12:10:00,1.12,1.12002,1.11989,1.11996,GBPUSD,10,12,0,1,12,2019,30,-5.7707041632776906e-05,1.1201625595822924,1.1190464404177078,52.89488855905794,9.170718612027349,1.1196949999999999,1.1198223333333333
147,2019-12-30 12:15:00,1.11996,1.12003,1.11988,1.11989,GBPUSD,15,12,0,1,12,2019,30,-3.9323303746523975e-05,1.1201881758770083,1.1190438241229916,51.983777240171236,9.179886096742997,1.1196866666666667,1.1198226666666666
148,2019-12-30 12:20:00,1.11989,1.1202,1.11982,1.11988,GBPUSD,20,12,0,1,12,2019,30,-2.3151635223518984e-05,1.120189627130674,1.119043372869326,51.85178552622954,9.302018551411004,1.1196966666666666,1.1198234999999999
149,2019-12-30 12:25:00,1.11988,1.11989,1.11972,1.11972,GBPUSD,25,12,0,1,12,2019,30,-1.1714133801793689e-05,1.1201775741671325,1.1190444258328673,49.76053013596234,9.333792748873263,1.1197013333333332,1.1198171666666668
150,2019-12-30 12:30:00,1.11971,1.11972,1.11927,1.11943,GBPUSD,30,12,0,1,12,2019,30,-8.443571073564406e-06,1.120144137026393,1.1190318629736071,46.26212421170723,9.029508495723139,1.1196953333333333,1.119805
151,2019-12-30 12:35:00,1.11943,1.11961,1.11911,1.11912,GBPUSD,35,12,0,1,12,2019,30,-1.5389959940496028e-05,1.1201518747845163,1.1189681252154835,42.92492808967506,8.846179317593856,1.1196686666666666,1.1197884999999999
152,2019-12-30 12:40:00,1.11912,1.11933,1.119,1.11933,GBPUSD,40,12,0,1,12,2019,30,-2.4990490767032156e-05,1.1201532004622614,1.1189587995377386,45.67134202999051,8.744559234736553,1.1196356666666667,1.1197761666666668
153,2019-12-30 12:45:00,1.11931,1.11936,1.119,1.11903,GBPUSD,45,12,0,1,12,2019,30,-4.0480677067382566e-05,1.1201715987059058,1.1189214012940938,42.63917228633344,8.623586043650763,1.1195936666666668,1.119756
154,2019-12-30 12:50:00,1.11903,1.11913,1.11896,1.11913,GBPUSD,50,12,0,1,12,2019,30,-5.7162658908026664e-05,1.1201812662033162,1.1188957337966838,43.92297041846623,8.53576891918388,1.11957,1.1197358333333334
155,2019-12-30 12:55:00,1.11913,1.11939,1.11897,1.11935,GBPUSD,55,12,0,1,12,2019,30,-7.007688127828183e-05,1.120180459791492,1.1188855402085078,46.64088548717173,8.252678691965379,1.119558,1.1197211666666667
156,2019-12-30 13:00:00,1.11935,1.11953,1.1193,1.11943,GBPUSD,0,13,0,1,12,2019,30,-7.851648746582402e-05,1.1201799499303207,1.1188980500696795,47.596324979060626,8.081407190862173,1.1195466666666667,1.1197075
157,2019-12-30 13:05:00,1.11943,1.11989,1.11938,1.11986,GBPUSD,5,13,0,1,12,2019,30,-7.666971899800596e-05,1.1202032656851817,1.1189457343148181,52.341345321458874,8.153547363867606,1.1195533333333334,1.1197045
158,2019-12-30 13:10:00,1.11986,1.12008,1.11971,1.12006,GBPUSD,10,13,0,1,12,2019,30,-6.510683184198034e-05,1.120260572321615,1.1189684276783853,54.33102162331619,8.337634948441211,1.1195596666666667,1.1197026666666665
159,2019-12-30 13:15:00,1.12006,1.12022,1.1199,1.11993,GBPUSD,15,13,0,1,12,2019,30,-4.998589781074546e-05,1.1202944457069872,1.1189765542930128,52.84747398816557,8.597486976697684,1.119563,1.1197016666666666
160,2019-12-30 13:20:00,1.11993,1.11997,1.11985,1.11991,GBPUSD,20,13,0,1,12,2019,30,-3.3632673623885085e-05,1.1203225326248578,1.1189924673751421,52.618806449500404,8.807898692857954,1.1195636666666666,1.119709
161,2019-12-30 13:25:00,1.11991,1.11991,1.11971,1.11975,GBPUSD,25,13,0,1,12,2019,30,-1.984038776154981e-05,1.1203303741563728,1.1189986258436273,50.79971390592359,8.89586361806421,1.119566,1.1197123333333332
162,2019-12-30 13:30:00,1.11975,1.11977,1.11954,1.11955,GBPUSD,30,13,0,1,12,2019,30,-1.1521925776812102e-05,1.1203289468025472,1.118994053197453,48.62593660088413,8.843570792170903,1.1195706666666667,1.1197161666666666
163,2019-12-30 13:35:00,1.11955,1.11956,1.11929,1.11934,GBPUSD,35,13,0,1,12,2019,30,-1.0394584626734638e-05,1.1203016298840396,1.1189623701159603,46.466187127438765,8.601699024310378,1.1195746666666666,1.1197175
164,2019-12-30 13:40:00,1.11934,1.11942,1.11916,1.1194,GBPUSD,40,13,0,1,12,2019,30,-1.285263946837624e-05,1.1202626237425348,1.1189453762574653,47.15985977686927,8.355898523223805,1.1195783333333333,1.1197188333333332
165,2019-12-30 13:45:00,1.11939,1.11945,1.11928,1.11945,GBPUSD,45,13,0,1,12,2019,30,-1.6602081197537644e-05,1.1202090676961547,1.1189429323038451,47.74358441204448,8.095805444661668,1.119578,1.1197216666666667
166,2019-12-30 13:50:00,1.11945,1.11952,1.11912,1.11919,GBPUSD,50,13,0,1,12,2019,30,-2.5074695925218878e-05,1.120165877168434,1.1189091228315657,45.065554750136656,7.959587468969355,1.119574,1.1197178333333333
167,2019-12-30 13:55:00,1.11918,1.11941,1.11903,1.11915,GBPUSD,55,13,0,1,12,2019,30,-3.6644581855015494e-05,1.1201286291959955,1.1188723708040045,44.66680979880088,7.889935985044428,1.119574,1.1197113333333335
168,2019-12-30 14:00:00,1.11914,1.11923,1.11896,1.11902,GBPUSD,0,14,0,1,12,2019,30,-5.153981849102349e-05,1.1200939332953996,1.1188210667046,43.37644920589528,7.870900087494957,1.1195659999999998,1.1197003333333333
169,2019-12-30 14:05:00,1.11902,1.1193,1.11899,1.11923,GBPUSD,5,14,0,1,12,2019,30,-6.427059058705289e-05,1.1200645927839652,1.118801407216035,45.984085909090375,7.796056475639795,1.1195566666666668,1.1196828333333333
170,2019-12-30 14:10:00,1.11924,1.11936,1.11922,1.11936,GBPUSD,10,14,0,1,12,2019,30,-7.275679038154215e-05,1.1200619380331776,1.1187970619668226,47.53146331713712,7.675238117289411,1.119553,1.1196693333333334
171,2019-12-30 14:15:00,1.11937,1.11943,1.11921,1.1193,GBPUSD,15,14,0,1,12,2019,30,-7.892915138727235e-05,1.1200573707649455,1.1188196292350545,46.89012517566336,7.500798418606768,1.1195426666666668,1.119654
172,2019-12-30 14:20:00,1.1193,1.1193,1.11897,1.11903,GBPUSD,20,14,0,1,12,2019,30,-8.745547450941502e-05,1.1200674769303802,1.1187795230696196,44.11893293264784,7.510111170343105,1.1195233333333332,1.119634
173,2019-12-30 14:25:00,1.11901,1.11912,1.11893,1.11895,GBPUSD,25,14,0,1,12,2019,30,-9.80872760946581e-05,1.120074664882838,1.1187643351171621,43.333945018699445,7.548400668389392,1.1194906666666666,1.1196115
174,2019-12-30 14:30:00,1.11894,1.11894,1.1188,1.1188,GBPUSD,30,14,0,1,12,2019,30,-0.00011165101583329205,1.1201038896395739,1.118702110360426,41.88832068865186,7.6814163030589535,1.119452,1.1195848333333334
175,2019-12-30 14:35:00,1.1188,1.11896,1.1188,1.11893,GBPUSD,35,14,0,1,12,2019,30,-0.0001240128546314348,1.1201140511720096,1.1186499488279902,43.5759113902771,7.790899130906137,1.1194160000000002,1.1195603333333333
176,2019-12-30 14:40:00,1.11893,1.119,1.11887,1.11889,GBPUSD,40,14,0,1,12,2019,30,-0.00013532886344523322,1.1201187442204237,1.1185912557795765,43.176800069740395,7.857833864949836,1.1193803333333334,1.1195376666666665
177,2019-12-30 14:45:00,1.11888,1.11895,1.11878,1.11879,GBPUSD,45,14,0,1,12,2019,30,-0.00014668316214659695,1.1200662021935086,1.1185367978064917,42.17773429974889,7.994207623654283,1.1193436666666665,1.1195151666666665
178,2019-12-30 14:50:00,1.1188,1.11881,1.11859,1.1187,GBPUSD,50,14,0,1,12,2019,30,-0.0001585678259460437,1.11995485178112,1.11851214821888,41.288254847921785,8.27397285658505,1.1193043333333332,1.1195005
179,2019-12-30 14:55:00,1.11869,1.11906,1.11869,1.11895,GBPUSD,55,14,0,1,12,2019,30,-0.00016581188646035234,1.1198364436305295,1.1185325563694701,44.64290125028101,8.300923561141303,1.1192786666666668,1.1194899999999999
180,2019-12-30 15:00:00,1.11893,1.11903,1.11864,1.1189,GBPUSD,0,15,0,1,12,2019,30,-0.00017018736308472914,1.1197001466915344,1.1185678533084653,44.121318173524145,8.366101743314625,1.119261,1.1194781666666667
181,2019-12-30 15:05:00,1.11891,1.11893,1.11847,1.11854,GBPUSD,5,15,0,1,12,2019,30,-0.0001778911955035418,1.1196207716755522,1.1185262283244475,40.589184282728894,8.559647855722513,1.1192416666666667,1.1194551666666668
182,2019-12-30 15:10:00,1.11854,1.11898,1.11854,1.11887,GBPUSD,10,15,0,1,12,2019,30,-0.00018160692194477566,1.119545026273479,1.118533973726521,44.78108729263818,8.69752246100669,1.1192263333333334,1.119431
183,2019-12-30 15:15:00,1.11886,1.1191,1.11876,1.11898,GBPUSD,15,15,0,1,12,2019,30,-0.00018045929163632916,1.1195072235216599,1.1185357764783403,46.092669564608755,8.713661456981704,1.1192246666666665,1.1194091666666668
184,2019-12-30 15:20:00,1.119,1.11919,1.11894,1.11904,GBPUSD,20,15,0,1,12,2019,30,-0.00017495499602716182,1.119455688796759,1.1185513112032406,46.80561339381364,8.644089855340912,1.1192216666666668,1.1193958333333331
185,2019-12-30 15:25:00,1.11904,1.11905,1.11843,1.11844,GBPUSD,25,15,0,1,12,2019,30,-0.0001761824630282907,1.1194205625176539,1.1184854374823463,41.172619911115106,8.944639114847531,1.1191913333333334,1.1193746666666666
186,2019-12-30 15:30:00,1.11844,1.11857,1.11813,1.1183,GBPUSD,30,15,0,1,12,2019,30,-0.0001833969853314834,1.1194453631821388,1.1183716368178613,40.010332561430076,9.415204015707545,1.1191536666666666,1.1193501666666665
187,2019-12-30 15:35:00,1.11829,1.11858,1.11818,1.11856,GBPUSD,35,15,0,1,12,2019,30,-0.00018941973375383566,1.1194247548828236,1.1183332451171768,43.09645330062681,9.860709490137376,1.1191103333333332,1.1193318333333333
188,2019-12-30 15:40:00,1.11856,1.11874,1.11829,1.1187,GBPUSD,40,15,0,1,12,2019,30,-0.00019171443484918046,1.1194101110466705,1.1183158889533293,44.68165163802797,10.14351335818634,1.119065,1.1193123333333335
189,2019-12-30 15:45:00,1.11871,1.11871,1.11851,1.11858,GBPUSD,45,15,0,1,12,2019,30,-0.00019302975001870317,1.1193628423636401,1.11829815763636,43.60456001563337,10.416890430633673,1.11902,1.1192914999999999
190,2019-12-30 15:50:00,1.11858,1.11887,1.11854,1.11886,GBPUSD,50,15,0,1,12,2019,30,-0.00018875506375566818,1.1192765782396965,1.1183344217603037,46.705584365564626,10.535755251089236,1.118985,1.1192743333333333
191,2019-12-30 15:55:00,1.11886,1.1195,1.11886,1.11946,GBPUSD,55,15,0,1,12,2019,30,-0.00017119789846439408,1.1193237434635797,1.1183032565364202,52.49597747790178,10.193969335385836,1.1189753333333334,1.1192706666666665
192,2019-12-30 16:00:00,1.11944,1.11971,1.11935,1.11945,GBPUSD,0,16,0,1,12,2019,30,-0.00014600525777812252,1.119412353535003,1.118256646464997,52.39782266676685,9.9992746844041,1.118972,1.1192713333333333
193,2019-12-30 16:05:00,1.11945,1.12008,1.11913,1.11913,GBPUSD,5,16,0,1,12,2019,30,-0.00012212012648079554,1.1194343877999469,1.1182526122000533,49.343673274381764,10.018028436432504,1.118965,1.1192698333333333
194,2019-12-30 16:10:00,1.11914,1.11924,1.11893,1.11897,GBPUSD,10,16,0,1,12,2019,30,-0.0001025809848708101,1.1194451397035396,1.1182588602964603,47.89955818925403,9.90768067807007,1.1189506666666666,1.1192645
195,2019-12-30 16:15:00,1.11897,1.1192,1.11883,1.11915,GBPUSD,15,16,0,1,12,2019,30,-8.368450180480004e-05,1.119470223164144,1.1182557768358559,49.615654772123655,9.739202142512843,1.1189406666666668,1.1192593333333334
196,2019-12-30 16:20:00,1.11916,1.11973,1.11914,1.1197,GBPUSD,20,16,0,1,12,2019,30,-5.7215746848899063e-05,1.119617046348968,1.118189953651032,54.36676413631402,9.847692925135423,1.1189576666666665,1.1192658333333334
197,2019-12-30 16:25:00,1.1197,1.11979,1.11948,1.11954,GBPUSD,25,16,0,1,12,2019,30,-2.9810674736095143e-05,1.1197063798317584,1.1181756201682416,52.86652421985909,9.981528388392377,1.1189706666666666,1.1192723333333334
198,2019-12-30 16:30:00,1.11954,1.11984,1.11953,1.11972,GBPUSD,30,16,0,1,12,2019,30,-3.156169041480259e-07,1.1198228929708256,1.1181611070291744,54.333100110212676,10.13531668653355,1.118994,1.11928
199,2019-12-30 16:35:00,1.11973,1.12024,1.11972,1.12012,GBPUSD,35,16,0,1,12,2019,30,3.532570955357301e-05,1.1200218251786356,1.1180791748213643,57.38157887023687,10.467720557394832,1.1190236666666666,1.1192901666666666
200,2019-12-30 16:40:00,1.12011,1.1207,1.12,1.12064,GBPUSD,40,16,0,1,12,2019,30,8.11668027440273e-05,1.1203369713627345,1.1179380286372658,60.89240529050189,10.970188876223688,1.1190663333333333,1.1193096666666666
201,2019-12-30 16:45:00,1.12064,1.12069,1.12004,1.12036,GBPUSD,45,16,0,1,12,2019,30,0.00012634561423736308,1.120510427402706,1.117946572597294,58.220824586486735,11.455908251091579,1.1191016666666667,1.1193221666666666
202,2019-12-30 16:50:00,1.12035,1.12078,1.12035,1.1206,GBPUSD,50,16,0,1,12,2019,30,0.00017228206505768903,1.1207224014773476,1.1179075985226525,59.785292117657384,11.958750627076489,1.1191540000000002,1.1193386666666667
203,2019-12-30 16:55:00,1.1206,1.12073,1.12055,1.12056,GBPUSD,55,16,0,1,12,2019,30,0.00021525448255833412,1.1208963966721692,1.1178916033278308,59.40178082051288,12.444831590528569,1.1192076666666668,1.1193491666666666
204,2019-12-30 17:00:00,1.12057,1.12067,1.12002,1.12009,GBPUSD,0,17,0,1,12,2019,30,0.0002461272322572836,1.1209700453709643,1.1179229546290357,55.105066675439986,12.59782131994937,1.1192506666666666,1.1193513333333334
205,2019-12-30 17:05:00,1.1201,1.12034,1.11997,1.12014,GBPUSD,5,17,0,1,12,2019,30,0.0002680344910826154,1.1210075583972605,1.1180554416027393,55.45962385189307,12.717788666790163,1.119291,1.1193535000000001
206,2019-12-30 17:10:00,1.12014,1.12035,1.11998,1.12027,GBPUSD,10,17,0,1,12,2019,30,0.00028463710846222365,1.1210204788923313,1.118239521107669,56.386050357261254,12.837810320580978,1.119337,1.1193586666666666
207,2019-12-30 17:15:00,1.12027,1.12039,1.12017,1.1203,GBPUSD,15,17,0,1,12,2019,30,0.00029687442964637184,1.1210417776268282,1.118392222373172,56.601543045546784,12.970414460355709,1.1193873333333333,1.1193655
208,2019-12-30 17:20:00,1.12031,1.12036,1.11995,1.12006,GBPUSD,20,17,0,1,12,2019,30,0.00030122847044160197,1.1210270102434179,1.1185429897565822,54.378009571598014,12.972993336872237,1.119432666666667,1.1193685000000002
209,2019-12-30 17:25:00,1.12006,1.12028,1.11997,1.12009,GBPUSD,25,17,0,1,12,2019,30,0.00030020524966259876,1.1209706725672008,1.1187503274327995,54.60858994853953,12.975486250838214,1.1194706666666667,1.1193746666666666
210,2019-12-30 17:30:00,1.1201,1.12042,1.12007,1.12039,GBPUSD,30,17,0,1,12,2019,30,0.0002999674007248026,1.12096468209938,1.11890931790062,56.8639295827788,13.040669297459587,1.1195203333333335,1.1193906666666666
211,2019-12-30 17:35:00,1.12039,1.12049,1.1202,1.12034,GBPUSD,35,17,0,1,12,2019,30,0.00029875286889513884,1.1209979903857727,1.118964009614227,56.38093467085695,13.135507198578642,1.1195803333333332,1.119411
212,2019-12-30 17:40:00,1.12034,1.12047,1.12013,1.1202,GBPUSD,40,17,0,1,12,2019,30,0.00029407530246246234,1.1210079873593068,1.1190290126406932,55.02710617866551,13.182500023028634,1.1196246666666665,1.1194254999999997
213,2019-12-30 17:45:00,1.12019,1.12025,1.12003,1.12017,GBPUSD,45,17,0,1,12,2019,30,0.0002863234892141906,1.1209684620039533,1.1191725379960467,54.735753539898674,13.163148456445766,1.1196643333333334,1.1194445
214,2019-12-30 17:50:00,1.12017,1.12031,1.12008,1.1203,GBPUSD,50,17,0,1,12,2019,30,0.00027847264540458366,1.1208744522089895,1.1193995477910104,55.78518823070838,13.174848192494787,1.1197063333333332,1.119464
215,2019-12-30 17:55:00,1.1203,1.12047,1.11969,1.12012,GBPUSD,55,17,0,1,12,2019,30,0.00026746479500316223,1.1207590016840399,1.1196119983159603,53.99217556040595,12.940949665581117,1.1197623333333333,1.1194768333333334
216,2019-12-30 18:00:00,1.12008,1.12079,1.12008,1.12055,GBPUSD,0,18,0,1,12,2019,30,0.0002613060362289974,1.1207753995678291,1.1196806004321709,57.37766093957469,12.874714522447558,1.1198373333333334,1.1194955
217,2019-12-30 18:05:00,1.12055,1.12152,1.12055,1.1215,GBPUSD,5,18,0,1,12,2019,30,0.00027307057229954064,1.1210332377494363,1.1196187622505636,63.51381321788453,13.118074429192795,1.1199353333333333,1.1195228333333334
218,2019-12-30 18:10:00,1.1215,1.12176,1.12136,1.12149,GBPUSD,10,18,0,1,12,2019,30,0.00029467043869565394,1.1212361664533397,1.1195928335466605,63.41439948420281,13.44417544084352,1.1200283333333334,1.1195466666666667
219,2019-12-30 18:15:00,1.12149,1.12162,1.12133,1.1215,GBPUSD,15,18,0,1,12,2019,30,0.0003207905295333276,1.1214241889818342,1.1195428110181662,63.47354325357147,13.741516847218596,1.1201256666666666,1.1195728333333332
220,2019-12-30 18:20:00,1.1215,1.12181,1.12148,1.12177,GBPUSD,20,18,0,1,12,2019,30,0.0003519510969581636,1.1216421509938184,1.1194378490061814,65.05156702183189,14.100926525117611,1.1202226666666668,1.1196038333333334
221,2019-12-30 18:25:00,1.12176,1.12183,1.12151,1.12162,GBPUSD,25,18,0,1,12,2019,30,0.00038144211888727374,1.121801650105883,1.119404349894117,63.47554180129617,14.456135980285637,1.1202946666666667,1.119635
222,2019-12-30 18:30:00,1.12162,1.12166,1.12145,1.12157,GBPUSD,30,18,0,1,12,2019,30,0.0004066736293985486,1.1219257514717178,1.119377248528282,62.94964480971319,14.759525535172532,1.1203653333333332,1.1196686666666666
223,2019-12-30 18:35:00,1.12157,1.12176,1.12157,1.12172,GBPUSD,35,18,0,1,12,2019,30,0.0004293789541296375,1.1220689654415836,1.1193500345584164,63.87840939620695,15.096865541898302,1.1204516666666666,1.1197083333333333
224,2019-12-30 18:40:00,1.12172,1.12192,1.12171,1.12179,GBPUSD,40,18,0,1,12,2019,30,0.0004494488315387846,1.1222025890269842,1.119386410973016,64.31031223446999,15.493191656737837,1.1205456666666669,1.1197481666666669
225,2019-12-30 18:45:00,1.12179,1.12205,1.12165,1.12168,GBPUSD,45,18,0,1,12,2019,30,0.00046403539492970494,1.1222972079395745,1.1194457920604255,63.08412392807383,15.932226018518833,1.1206299999999998,1.1197853333333334
226,2019-12-30 18:50:00,1.12168,1.12175,1.12156,1.12165,GBPUSD,50,18,0,1,12,2019,30,0.0004728842085589574,1.1223771697501763,1.119503830249824,62.74658917004322,16.284892942548584,1.1206950000000002,1.1198263333333334
227,2019-12-30 18:55:00,1.12164,1.12176,1.12156,1.1216,GBPUSD,55,18,0,1,12,2019,30,0.00047579732280018884,1.1224377815705673,1.1195732184294325,62.17303754110889,16.63054848768735,1.1207636666666667,1.1198671666666666
228,2019-12-30 19:00:00,1.1216,1.12165,1.12145,1.1216,GBPUSD,0,19,0,1,12,2019,30,0.00047375290705385897,1.122465492549555,1.119699507450445,62.17303754110889,16.872803984393368,1.1208263333333335,1.1199101666666669
229,2019-12-30 19:05:00,1.1216,1.1216,1.12128,1.12129,GBPUSD,5,19,0,1,12,2019,30,0.00046268273155488846,1.1224460316290423,1.1198389683709575,58.617942865711136,16.965777885805675,1.1208653333333334,1.1199445
230,2019-12-30 19:10:00,1.12129,1.12135,1.12114,1.12121,GBPUSD,10,19,0,1,12,2019,30,0.0004442048007805538,1.1224380374373044,1.1199289625626954,57.73658611356151,16.937853871900295,1.1208843333333334,1.1199753333333333
231,2019-12-30 19:15:00,1.12121,1.12159,1.12117,1.1215,GBPUSD,15,19,0,1,12,2019,30,0.00042566682420863483,1.122437744550125,1.120045255449875,59.99235901329714,17.05282967273212,1.1209223333333334,1.1200119999999998
232,2019-12-30 19:20:00,1.1215,1.12152,1.12132,1.12138,GBPUSD,20,19,0,1,12,2019,30,0.0004051782927480634,1.1223922966711217,1.120208703328878,58.65230474207948,17.16397294686955,1.1209483333333334,1.1200511666666666
233,2019-12-30 19:25:00,1.12139,1.12154,1.12137,1.12141,GBPUSD,25,19,0,1,12,2019,30,0.00038409638313701897,1.1223160722159717,1.1204089277840283,58.88979149672137,17.283647792342208,1.1209766666666667,1.1200921666666666
234,2019-12-30 19:30:00,1.12141,1.12159,1.12122,1.12149,GBPUSD,30,19,0,1,12,2019,30,0.0003641486240593544,1.1222344971077,1.1206095028923002,59.531004759916776,17.256628332041412,1.1210233333333335,1.1201370000000002
235,2019-12-30 19:35:00,1.12149,1.12152,1.12127,1.12134,GBPUSD,35,19,0,1,12,2019,30,0.00034273429228978133,1.1220206008816176,1.1209453991183824,57.78286395633318,17.23050952041731,1.121063333333333,1.1201771666666667
236,2019-12-30 19:40:00,1.12134,1.12134,1.12101,1.12107,GBPUSD,40,19,0,1,12,2019,30,0.0003164344627381865,1.1218815812839895,1.1211364187160107,54.78710208749059,16.9621137062052,1.12109,1.1202134999999998
237,2019-12-30 19:45:00,1.12108,1.1211,1.12086,1.12098,GBPUSD,45,19,0,1,12,2019,30,0.00028629406276359324,1.1219244378093174,1.1210415621906826,53.82484087167289,16.571790380392542,1.1211126666666666,1.12025
238,2019-12-30 19:50:00,1.12098,1.1211,1.12097,1.12105,GBPUSD,50,19,0,1,12,2019,30,0.00025579076425978967,1.1219429652450017,1.1209790347549984,54.46828004217179,16.194477832106973,1.1211456666666666,1.1202891666666666
239,2019-12-30 19:55:00,1.12105,1.12124,1.12099,1.12104,GBPUSD,55,19,0,1,12,2019,30,0.00022591649824778293,1.1219547753991619,1.120921224600838,54.35634281598644,15.942942498312451,1.1211773333333332,1.120324
240,2019-12-30 20:00:00,1.12104,1.1212,1.12097,1.12113,GBPUSD,0,20,0,1,12,2019,30,0.00019892354404268397,1.1219154227615853,1.120896577238415,55.21327402709904,15.680472016483543,1.121202,1.1203611666666666
241,2019-12-30 20:05:00,1.12113,1.12116,1.12094,1.12103,GBPUSD,5,20,0,1,12,2019,30,0.00017310272693064733,1.1219018279402029,1.1208511720597971,54.04695462224772,15.39696106703036,1.121225,1.1204026666666667
242,2019-12-30 20:10:00,1.12102,1.12106,1.12081,1.12092,GBPUSD,10,20,0,1,12,2019,30,0.00014722063065562987,1.1218985372395258,1.1207894627604744,52.778294483124185,14.99402610415862,1.121249,1.1204368333333332
243,2019-12-30 20:15:00,1.12092,1.12106,1.12087,1.12106,GBPUSD,15,20,0,1,12,2019,30,0.00012455498067994846,1.121849649356231,1.1207723506437688,54.19394345875097,14.604522306715939,1.1212786666666665,1.1204715
244,2019-12-30 20:20:00,1.12105,1.12119,1.12103,1.12108,GBPUSD,20,20,0,1,12,2019,30,0.00010512871007996786,1.1217732623323378,1.120777737667662,54.395985710651665,14.349036001329438,1.1213046666666666,1.1205055000000002
245,2019-12-30 20:25:00,1.12108,1.12113,1.12101,1.12101,GBPUSD,25,20,0,1,12,2019,30,8.739475820830729e-05,1.121714689920082,1.120769310079918,53.54092593927364,14.079287989231029,1.1213343333333334,1.1205483333333333
246,2019-12-30 20:30:00,1.121,1.12102,1.12081,1.12086,GBPUSD,30,20,0,1,12,2019,30,6.905880926569938e-05,1.1216635228588003,1.1207414771411994,51.73808886053247,13.63358007840579,1.1213446666666667,1.1205910000000001
247,2019-12-30 20:35:00,1.12085,1.1209,1.12054,1.12055,GBPUSD,35,20,0,1,12,2019,30,4.6203473022582005e-05,1.121657252633538,1.1206427473664622,48.26365160747707,13.500640213070012,1.121313,1.1206241666666665
248,2019-12-30 20:40:00,1.12055,1.12055,1.12027,1.12043,GBPUSD,40,20,0,1,12,2019,30,1.9693749891520275e-05,1.121647738279611,1.1205352617203888,46.999752320499184,13.632462000968543,1.1212776666666668,1.1206530000000001
249,2019-12-30 20:45:00,1.12043,1.12048,1.12028,1.12028,GBPUSD,45,20,0,1,12,2019,30,-1.0154837084645435e-05,1.1216959857150066,1.1203860142849933,45.46032874489806,13.759889729270455,1.121237,1.1206813333333334
250,2019-12-30 20:50:00,1.12028,1.12035,1.12018,1.12026,GBPUSD,50,20,0,1,12,2019,30,-4.0827390373928435e-05,1.1217296428440613,1.1202573571559387,45.25587291266821,13.977267830525367,1.1211866666666666,1.120704666666667
251,2019-12-30 20:55:00,1.12026,1.12037,1.12025,1.12028,GBPUSD,55,20,0,1,12,2019,30,-6.999634165763594e-05,1.1216936867275715,1.1201713132724282,45.50939268530686,14.158400844748675,1.1211419999999999,1.1207183333333333
252,2019-12-30 21:00:00,1.12028,1.12031,1.12012,1.1202,GBPUSD,0,21,0,1,12,2019,30,-9.781059716311751e-05,1.1216707128900902,1.12007628710991,44.65370545096423,14.458423899551551,1.1210963333333335,1.1207308333333335
253,2019-12-30 21:05:00,1.1202,1.12033,1.1202,1.1203,GBPUSD,5,21,0,1,12,2019,30,-0.00012149931463371322,1.121612496843437,1.1200235031565633,45.96742584236222,14.718024713995803,1.121049,1.1207503333333333
254,2019-12-30 21:10:00,1.12029,1.12031,1.12022,1.12022,GBPUSD,10,21,0,1,12,2019,30,-0.0001423598548369774,1.1215255136680606,1.1199834863319391,45.08184279349783,14.96897216795858,1.1209966666666666,1.1207711666666667
255,2019-12-30 21:15:00,1.12024,1.12042,1.12022,1.12039,GBPUSD,15,21,0,1,12,2019,30,-0.00015731748671427316,1.12144236526729,1.1199716347327098,47.31317054488725,15.03335722525768,1.1209536666666666,1.120791833333333
256,2019-12-30 21:20:00,1.12039,1.12039,1.12023,1.12023,GBPUSD,20,21,0,1,12,2019,30,-0.0001699853344102855,1.1214089722494256,1.1199210277505744,45.51274662453278,15.095596113980141,1.1209063333333333,1.1208006666666668
257,2019-12-30 21:25:00,1.12023,1.12027,1.12008,1.12013,GBPUSD,25,21,0,1,12,2019,30,-0.0001817619308668503,1.1213875214806202,1.11985747851938,44.419864737222774,15.322878404475123,1.1208573333333334,1.1208105000000002
258,2019-12-30 21:30:00,1.12013,1.12015,1.12007,1.12008,GBPUSD,30,21,0,1,12,2019,30,-0.00019274600825746528,1.1213478461512536,1.1198001538487463,43.87492332278104,15.553569895586932,1.1208066666666665,1.1208164999999999
259,2019-12-30 21:35:00,1.12008,1.12009,1.11997,1.12001,GBPUSD,35,21,0,1,12,2019,30,-0.00020333504853952734,1.1213028339180793,1.119742166081921,43.10898868494137,15.888324320476602,1.120764,1.1208146666666667
260,2019-12-30 21:40:00,1.12,1.12003,1.11997,1.11998,GBPUSD,40,21,0,1,12,2019,30,-0.00021313658299848144,1.1212260933772984,1.1197039066227013,42.77790232008262,16.211920264536616,1.1207230000000001,1.1208036666666668
261,2019-12-30 21:45:00,1.11998,1.12024,1.11998,1.12017,GBPUSD,45,21,0,1,12,2019,30,-0.00021841359101432934,1.1211449063945516,1.1196990936054485,45.51929820957195,16.137358440292495,1.1206786666666666,1.1208005
262,2019-12-30 21:50:00,1.12016,1.12019,1.12007,1.12015,GBPUSD,50,21,0,1,12,2019,30,-0.00022039936359493162,1.1210761159203904,1.1196908840796096,45.28306364802936,16.06528201018984,1.1206376666666666,1.120793
263,2019-12-30 21:55:00,1.12015,1.12024,1.11998,1.12019,GBPUSD,55,21,0,1,12,2019,30,-0.00021907764471650612,1.1209590994924885,1.1197209005075117,45.864342531499986,16.112153021701168,1.120597,1.1207868333333335
264,2019-12-30 22:00:00,1.12019,1.12033,1.12017,1.12027,GBPUSD,0,22,0,1,12,2019,30,-0.00021397646541245104,1.1208114816737258,1.1197875183262742,47.02862215166089,15.99392015714236,1.1205563333333333,1.1207898333333333
265,2019-12-30 22:05:00,1.12027,1.12029,1.11991,1.12,GBPUSD,5,22,0,1,12,2019,30,-0.00021059380244233954,1.1206539639003006,1.119844036099699,43.74397193517469,16.196643694849282,1.1205116666666668,1.1207874999999998
266,2019-12-30 22:10:00,1.12,1.12003,1.11986,1.11996,GBPUSD,10,22,0,1,12,2019,30,-0.0002086237877633146,1.1205113416965555,1.1198966583034444,43.280695100856384,16.449136809440805,1.1204746666666667,1.1207823333333335
267,2019-12-30 22:15:00,1.11996,1.12001,1.11981,1.11982,GBPUSD,15,22,0,1,12,2019,30,-0.00020940058751141871,1.120475216500626,1.119859783499374,41.68236661267477,16.749544293617287,1.120436,1.1207743333333333
268,2019-12-30 22:20:00,1.11983,1.11997,1.11979,1.11995,GBPUSD,20,22,0,1,12,2019,30,-0.00020930697583098528,1.120439670243574,1.119847329756426,43.68025430639579,17.062327572559447,1.1203993333333335,1.1207725
269,2019-12-30 22:25:00,1.11995,1.11995,1.11984,1.11989,GBPUSD,25,22,0,1,12,2019,30,-0.00020915292642972904,1.1204333898452385,1.1198146101547617,42.977277118565844,17.364684742203533,1.120361,1.1207691666666666
270,2019-12-30 22:30:00,1.11987,1.11995,1.11981,1.1199,GBPUSD,30,22,0,1,12,2019,30,-0.00020833282537393606,1.1204238479817377,1.1197881520182629,43.13506463126827,17.69352342352399,1.12032,1.1207610000000001
271,2019-12-30 22:35:00,1.11989,1.11994,1.1198,1.11987,GBPUSD,35,22,0,1,12,2019,30,-0.00020714204692537505,1.120408933833663,1.1197620661663372,42.767794135459845,18.023939394836606,1.1202813333333335,1.1207531666666668
272,2019-12-30 22:40:00,1.11987,1.11992,1.11981,1.11981,GBPUSD,40,22,0,1,12,2019,30,-0.00020626650397395188,1.1204069213098278,1.1197250786901722,42.027436195796994,18.343341500438804,1.1202443333333334,1.1207466666666668
273,2019-12-30 22:45:00,1.11981,1.11987,1.1197,1.11986,GBPUSD,45,22,0,1,12,2019,30,-0.0002043665980495843,1.1203780595164747,1.1197099404835253,42.87986114527157,18.794488875290533,1.1202043333333334,1.1207415
274,2019-12-30 22:50:00,1.11984,1.11993,1.11973,1.11976,GBPUSD,50,22,0,1,12,2019,30,-0.00020305388624632207,1.1203671608578316,1.1196748391421683,41.61388602388388,19.089988304806095,1.1201603333333334,1.1207325000000001
275,2019-12-30 22:55:00,1.11975,1.11983,1.11961,1.11981,GBPUSD,55,22,0,1,12,2019,30,-0.0002009175091861723,1.1203034380440542,1.119680561955946,42.492084517333744,19.522700147886425,1.1201203333333332,1.1207273333333334
276,2019-12-30 23:00:00,1.11979,1.11994,1.11977,1.11993,GBPUSD,0,23,0,1,12,2019,30,-0.00019600440555636996,1.1202684283743727,1.1196855716256273,44.56233339506801,19.698601259301736,1.1200893333333333,1.120717
277,2019-12-30 23:05:00,1.11992,1.12012,1.11991,1.1201,GBPUSD,5,23,0,1,12,2019,30,-0.00018644947211752578,1.1202639057312374,1.1196870942687627,47.34052618245786,19.504621586738143,1.1200743333333336,1.1206936666666667
278,2019-12-30 23:10:00,1.12011,1.12021,1.12007,1.1202,GBPUSD,10,23,0,1,12,2019,30,-0.00017246561742395182,1.1202837215508705,1.1196792784491294,48.89886649721428,19.148384056111723,1.1200666666666665,1.1206721666666666
279,2019-12-30 23:15:00,1.1202,1.1202,1.12013,1.12014,GBPUSD,15,23,0,1,12,2019,30,-0.0001570030383895439,1.1202982867477198,1.1196777132522802,48.01689535698184,18.804021109839518,1.1200620000000001,1.1206495
280,2019-12-30 23:20:00,1.12013,1.12014,1.12008,1.12014,GBPUSD,20,23,0,1,12,2019,30,-0.0001410663558467081,1.1203135829315976,1.1196784170684024,48.01689535698184,18.55318696408334,1.120058,1.1206223333333332
281,2019-12-30 23:25:00,1.12014,1.12014,1.12008,1.12009,GBPUSD,25,23,0,1,12,2019,30,-0.0001261441436806618,1.1203022867477197,1.11968171325228,47.25677057900363,18.310713956519038,1.1200516666666667,1.1205968333333334
282,2019-12-30 23:30:00,1.12009,1.12011,1.12,1.12005,GBPUSD,30,23,0,1,12,2019,30,-0.00011299069753113654,1.120289696604262,1.1196843033957382,46.64566625359524,18.210720340800997,1.1200466666666669,1.1205715
283,2019-12-30 23:35:00,1.12005,1.12026,1.12005,1.1202,GBPUSD,35,23,0,1,12,2019,30,-9.898471398780356e-05,1.1202916380789605,1.1196833619210398,49.19436064727295,17.80752035532344,1.1200433333333335,1.1205461666666667
284,2019-12-30 23:40:00,1.12019,1.1202,1.12015,1.12018,GBPUSD,40,23,0,1,12,2019,30,-8.527207545691646e-05,1.1202718160451148,1.119694183954885,48.872347755966445,17.417760369361805,1.1200420000000002,1.1205193333333334
285,2019-12-30 23:45:00,1.12019,1.12026,1.12009,1.12009,GBPUSD,45,23,0,1,12,2019,30,-7.370368419479295e-05,1.1202802096145368,1.1196947903854635,47.4271711274182,17.04099238293222,1.120032,1.1204928333333333
286,2019-12-30 23:50:00,1.12009,1.12016,1.11996,1.11998,GBPUSD,50,23,0,1,12,2019,30,-6.567269991557586e-05,1.1202809505761573,1.1196960494238428,45.71787542930386,16.90053685567485,1.1200236666666668,1.1204649999999998
287,2019-12-30 23:55:00,1.11998,1.12001,1.11971,1.11972,GBPUSD,55,23,0,1,12,2019,30,-6.427835804959903e-05,1.1202911070160724,1.1196758929839277,42.015319962665465,17.119367960364976,1.12001,1.1204336666666666
288,2019-12-31 00:00:00,1.11969,1.11977,1.11941,1.11975,GBPUSD,0,0,1,1,12,2019,31,-6.649169292097339e-05,1.1202982200778646,1.1196487799221353,42.57048466800578,17.650450791458503,1.1199990000000002,1.1204028333333333
289,2019-12-31 00:05:00,1.11977,1.11996,1.11975,1.11996,GBPUSD,5,0,1,1,12,2019,31,-6.73482476392325e-05,1.1202994315064272,1.1196545684935728,46.29399631875453,17.83286160615342,1.1199973333333335,1.1203806666666667
290,2019-12-31 00:10:00,1.11996,1.12023,1.11979,1.12022,GBPUSD,10,0,1,1,12,2019,31,-6.300784840129364e-05,1.120330738566786,1.119655261433214,50.41186638332649,17.628534614435136,1.120005333333333,1.1203641666666668
291,2019-12-31 00:15:00,1.12022,1.12027,1.12021,1.12023,GBPUSD,15,0,1,1,12,2019,31,-5.5334478214283096e-05,1.120359343406667,1.1196626565933332,50.56268487291187,17.376921137060208,1.1200073333333334,1.1203429999999999
292,2019-12-31 00:20:00,1.12023,1.12025,1.11977,1.11981,GBPUSD,20,0,1,1,12,2019,31,-5.2549053383647886e-05,1.1203593434066668,1.119662656593333,44.660978412339745,17.53584322043606,1.119996,1.1203168333333333
293,2019-12-31 00:25:00,1.11981,1.11998,1.11981,1.11995,GBPUSD,25,0,1,1,12,2019,31,-5.061992642359295e-05,1.1203579047658916,1.1196730952341085,46.802112504766136,17.689467901032717,1.119988,1.1202925000000001
294,2019-12-31 00:30:00,1.11994,1.12,1.11988,1.11999,GBPUSD,30,0,1,1,12,2019,31,-4.857508871266617e-05,1.1203480574182454,1.1197059425817544,47.40359591856883,17.81096407345349,1.119978666666667,1.1202675
295,2019-12-31 00:35:00,1.11999,1.12003,1.11996,1.12002,GBPUSD,35,0,1,1,12,2019,31,-4.597557458498474e-05,1.1203419839854398,1.1197330160145602,47.860975414629365,17.884819828504195,1.1199793333333332,1.1202455
296,2019-12-31 00:40:00,1.12002,1.12004,1.11966,1.11993,GBPUSD,40,0,1,1,12,2019,31,-4.449578065279023e-05,1.1203419839854398,1.1197330160145602,46.60326263985657,18.2144145680705,1.1199783333333333,1.1202265000000002
297,2019-12-31 00:45:00,1.11991,1.11999,1.1199,1.11999,GBPUSD,45,0,1,1,12,2019,31,-4.273669904776785e-05,1.1203357034088504,1.11972829659115,47.55375004188036,18.533022816317928,1.1199839999999999,1.12021
298,2019-12-31 00:50:00,1.11999,1.12021,1.11975,1.11977,GBPUSD,50,0,1,1,12,2019,31,-4.430734523267652e-05,1.1203248229524583,1.1196961770475418,44.54604345443163,18.54852580788557,1.119978,1.1201886666666667
299,2019-12-31 00:55:00,1.11977,1.12016,1.11964,1.11984,GBPUSD,55,0,1,1,12,2019,31,-4.666486990133086e-05,1.1203124243185767,1.1196785756814231,45.67696719400586,18.650094593944747,1.1199763333333335,1.1201686666666668
300,2019-12-31 01:00:00,1.11984,1.12027,1.11984,1.12015,GBPUSD,0,1,1,1,12,2019,31,-4.433978179679634e-05,1.1203139142097454,1.1196780857902546,50.31870496064901,18.623873744026188,1.1199846666666666,1.1201523333333334
301,2019-12-31 01:05:00,1.12015,1.12022,1.12015,1.12019,GBPUSD,5,1,1,1,12,2019,31,-3.8462371713874984e-05,1.120328150331644,1.119673849668356,50.87895990969106,18.598526922438246,1.1199953333333332,1.1201383333333332
302,2019-12-31 01:10:00,1.12019,1.1203,1.12015,1.12026,GBPUSD,10,1,1,1,12,2019,31,-2.9462065941235748e-05,1.1203581698300598,1.1196648301699401,51.86171369355771,18.48194056959267,1.1200103333333333,1.1201273333333333
303,2019-12-31 01:15:00,1.12026,1.1203,1.12025,1.12026,GBPUSD,15,1,1,1,12,2019,31,-1.890905054389412e-05,1.1203689884713737,1.1196600115286262,51.86171369355771,18.36924042850861,1.120023666666667,1.120114
304,2019-12-31 01:20:00,1.12026,1.12031,1.12026,1.12031,GBPUSD,20,1,1,1,12,2019,31,-7.095214991077267e-06,1.1203926194608806,1.1196493805391192,52.58680857218334,18.247774411361203,1.1200420000000002,1.1201011666666667
305,2019-12-31 01:25:00,1.12031,1.12031,1.12026,1.12027,GBPUSD,25,1,1,1,12,2019,31,4.267572219886319e-06,1.120417053610485,1.1196429463895152,51.93934708297692,18.130357261452048,1.1200573333333332,1.1200888333333332
306,2019-12-31 01:30:00,1.12027,1.12031,1.12016,1.12016,GBPUSD,30,1,1,1,12,2019,31,1.298728257146506e-05,1.1204295137945133,1.1196484862054867,50.181673529082914,18.11577446300572,1.120065,1.120077166666667
307,2019-12-31 01:35:00,1.12016,1.12022,1.12014,1.12016,GBPUSD,35,1,1,1,12,2019,31,1.9563661283178283e-05,1.120424486005696,1.1196975139943044,50.181673529082914,18.121730018082626,1.120067,1.1200706666666669
308,2019-12-31 01:40:00,1.12016,1.12019,1.12013,1.12017,GBPUSD,40,1,1,1,12,2019,31,2.4566851225347067e-05,1.12041726732856,1.11974673267144,50.345150743422245,18.137888247476646,1.1200660000000002,1.1200663333333334
309,2019-12-31 01:45:00,1.12017,1.12029,1.12017,1.12029,GBPUSD,45,1,1,1,12,2019,31,3.018025853161168e-05,1.1204408924687437,1.1197561075312565,52.28869267084402,18.00451225774527,1.120071,1.1200665
310,2019-12-31 01:50:00,1.12029,1.12029,1.12023,1.12023,GBPUSD,50,1,1,1,12,2019,31,3.485582230185565e-05,1.1204421678621312,1.1197558321378687,51.25109577781749,17.87558213433827,1.120074,1.120066
311,2019-12-31 01:55:00,1.12023,1.12023,1.1201,1.12011,GBPUSD,55,1,1,1,12,2019,31,3.6704489749675655e-05,1.1204306762269265,1.1197553237730735,49.22992368114559,17.891897307260923,1.1200746666666668,1.120063166666667
312,2019-12-31 02:00:00,1.12011,1.12022,1.12009,1.12015,GBPUSD,0,2,1,1,12,2019,31,3.723892282780268e-05,1.1204208561564788,1.119799143843521,49.91107538675964,17.91825430459603,1.120078,1.1200623333333335
313,2019-12-31 02:05:00,1.12015,1.12029,1.12015,1.12029,GBPUSD,5,2,1,1,12,2019,31,3.907034659471101e-05,1.1204382013606375,1.1198157986393622,52.23150751025024,17.83406074921315,1.120081,1.1200621666666668
314,2019-12-31 02:10:00,1.1203,1.12033,1.12022,1.12029,GBPUSD,10,2,1,1,12,2019,31,4.15296435153459e-05,1.1204543155835125,1.1198296844164874,52.23150751025024,17.691286717575892,1.1200846666666666,1.1200633333333334
315,2019-12-31 02:15:00,1.12029,1.1203,1.1201,1.12012,GBPUSD,15,2,1,1,12,2019,31,4.144665358599322e-05,1.1204542526348131,1.1198397473651869,49.265724102594724,17.688596722509253,1.1200856666666668,1.1200588333333334
316,2019-12-31 02:20:00,1.12012,1.12024,1.12011,1.1202,GBPUSD,20,2,1,1,12,2019,31,4.095644594961511e-05,1.1204508699500901,1.11987013004991,50.630403914642294,17.68599639394484,1.120093,1.1200583333333332
317,2019-12-31 02:25:00,1.1202,1.12036,1.1202,1.12034,GBPUSD,25,2,1,1,12,2019,31,4.237696984656596e-05,1.1204672894607925,1.1198887105392072,52.92285824928782,17.48923997835555,1.120113666666667,1.1200618333333334
318,2019-12-31 02:30:00,1.12034,1.12046,1.12029,1.12044,GBPUSD,30,2,1,1,12,2019,31,4.6419492950826186e-05,1.1204530976919533,1.119969902308047,54.48454953073082,17.141302369696575,1.1201366666666666,1.1200678333333334
319,2019-12-31 02:35:00,1.12045,1.12049,1.12044,1.12044,GBPUSD,35,2,1,1,12,2019,31,5.1787719206476306e-05,1.1204325937287776,1.1200504062712227,54.48454953073081,16.75730580096007,1.1201526666666666,1.120075
320,2019-12-31 02:40:00,1.12043,1.12044,1.12038,1.12043,GBPUSD,40,2,1,1,12,2019,31,5.74278803761538e-05,1.1204589931073943,1.1200520068926059,54.29181215119291,16.47707045367666,1.1201596666666667,1.1200824999999999
321,2019-12-31 02:45:00,1.12043,1.12048,1.12043,1.12046,GBPUSD,45,2,1,1,12,2019,31,6.329056123601328e-05,1.1204893250529726,1.1200486749470273,54.7881635440596,16.13542403871537,1.1201673333333335,1.1200873333333334
322,2019-12-31 02:50:00,1.12046,1.12049,1.12043,1.12044,GBPUSD,50,2,1,1,12,2019,31,6.852204139799216e-05,1.1205111116121178,1.120044888387882,54.380901774285064,15.785648874418316,1.1201883333333336,1.1200921666666668
323,2019-12-31 02:55:00,1.12044,1.12044,1.12031,1.12032,GBPUSD,55,2,1,1,12,2019,31,7.101294884875444e-05,1.1205146798811667,1.1200473201188335,51.98251777227124,15.650659404216391,1.1202006666666666,1.1200943333333333
324,2019-12-31 03:00:00,1.12032,1.12051,1.12032,1.12047,GBPUSD,0,3,1,1,12,2019,31,7.388685045155097e-05,1.1205373545269823,1.1200406454730178,54.573220217612814,15.382555567553661,1.1202166666666666,1.1200976666666667
325,2019-12-31 03:05:00,1.12047,1.12055,1.12046,1.12055,GBPUSD,5,3,1,1,12,2019,31,7.795810089649083e-05,1.1205770802274382,1.120028919772562,55.88636608218178,15.047052531247775,1.1202343333333333,1.1201068333333335
326,2019-12-31 03:10:00,1.12055,1.12069,1.12053,1.12067,GBPUSD,10,3,1,1,12,2019,31,8.430325235670069e-05,1.1206390359925218,1.1200179640074783,57.78015749719651,14.631276519782965,1.120259,1.1201186666666665
327,2019-12-31 03:15:00,1.12067,1.1208,1.12065,1.12079,GBPUSD,15,3,1,1,12,2019,31,9.346340334572968e-05,1.1207220991032107,1.1199979008967893,59.57542048242043,14.413367866074866,1.1202856666666667,1.1201348333333334
328,2019-12-31 03:20:00,1.12079,1.12091,1.12073,1.12091,GBPUSD,20,3,1,1,12,2019,31,0.00010560925916511484,1.1208229527679754,1.1199710472320248,61.27869522994208,14.383302797107508,1.1203236666666667,1.1201508333333334
329,2019-12-31 03:25:00,1.1209,1.121,1.12088,1.12099,GBPUSD,25,3,1,1,12,2019,31,0.00012002543950948759,1.1209298944852482,1.119934105514752,62.37210051671249,14.505348233831311,1.1203619999999999,1.1201691666666667
330,2019-12-31 03:30:00,1.12098,1.12102,1.12094,1.12101,GBPUSD,30,3,1,1,12,2019,31,0.0001351544213511528,1.1210216703785465,1.1199203296214535,62.644900506260115,14.659223997675506,1.1203906666666668,1.1201876666666668
331,2019-12-31 03:35:00,1.12101,1.12108,1.12096,1.12098,GBPUSD,35,3,1,1,12,2019,31,0.00014915041039067966,1.1210822832912375,1.1199467167087627,61.94799143162512,14.912105356969727,1.120417,1.1202061666666665
332,2019-12-31 03:40:00,1.12098,1.12118,1.12098,1.12116,GBPUSD,40,3,1,1,12,2019,31,0.00016423441953532453,1.121174417299357,1.119955582700643,64.4057792773215,15.316173764809623,1.120447,1.1202286666666665
333,2019-12-31 03:45:00,1.12116,1.12135,1.12115,1.12135,GBPUSD,45,3,1,1,12,2019,31,0.00018186666548690897,1.1213060207864955,1.1199299792135042,66.75082862141498,15.93542712156866,1.1204833333333333,1.1202535000000002
334,2019-12-31 03:50:00,1.12135,1.12135,1.1212,1.12121,GBPUSD,50,3,1,1,12,2019,31,0.00019752365628073284,1.1213820499707854,1.1199459500292148,63.55894626370973,16.53403869976906,1.1205133333333335,1.1202776666666665
335,2019-12-31 03:55:00,1.1212,1.12125,1.12112,1.12124,GBPUSD,55,3,1,1,12,2019,31,0.00021115026619038818,1.1214340986018585,1.1200059013981414,63.9411705821986,16.920186461033868,1.1205456666666669,1.1203015
336,2019-12-31 04:00:00,1.12124,1.12144,1.12124,1.12144,GBPUSD,0,4,1,1,12,2019,31,0.00022549957231138743,1.1215208924660152,1.1200431075339847,66.37359746041966,17.52032451264452,1.1205883333333333,1.1203266666666667
337,2019-12-31 04:05:00,1.12144,1.12145,1.12131,1.1214,GBPUSD,5,4,1,1,12,2019,31,0.0002383975003013942,1.1215922387320962,1.1200777612679038,65.45999473147648,18.111411339121492,1.1206296666666666,1.1203483333333333
338,2019-12-31 04:10:00,1.12139,1.12141,1.1213,1.12139,GBPUSD,10,4,1,1,12,2019,31,0.00024900670161314884,1.1216544523932126,1.1201105476067874,65.22779698135741,18.659664491132972,1.1206703333333332,1.1203681666666667
339,2019-12-31 04:15:00,1.12139,1.12142,1.12128,1.12133,GBPUSD,15,4,1,1,12,2019,31,0.00025610041992018813,1.121694143692378,1.120159856307622,63.822619524425356,19.142768010223268,1.120705,1.120388
340,2019-12-31 04:20:00,1.12133,1.12134,1.12114,1.12131,GBPUSD,20,4,1,1,12,2019,31,0.00025971604417076346,1.1217188220816532,1.1202231779183471,63.3520098373044,19.30749511055353,1.120741,1.1204075
341,2019-12-31 04:25:00,1.12131,1.12134,1.12119,1.12123,GBPUSD,25,4,1,1,12,2019,31,0.00025909383077473076,1.1217251439665505,1.1202938560334494,61.47625159001671,19.46673130753944,1.1207783333333332,1.1204265
342,2019-12-31 04:30:00,1.12123,1.12129,1.12118,1.12119,GBPUSD,30,4,1,1,12,2019,31,0.0002546193364089472,1.1217139364149582,1.120380063585042,60.54895979938318,19.599239091611416,1.1208130000000003,1.1204455
343,2019-12-31 04:35:00,1.12119,1.12123,1.12112,1.12123,GBPUSD,35,4,1,1,12,2019,31,0.00024802271501707683,1.1216685801959134,1.1205164198040867,61.155090671563784,19.598263212483676,1.1208443333333333,1.1204626666666668
344,2019-12-31 04:40:00,1.12123,1.12124,1.12118,1.12123,GBPUSD,40,4,1,1,12,2019,31,0.00023987649737408317,1.1216286850982553,1.1206323149017448,61.155090671563784,19.61192027877168,1.1208756666666666,1.1204801666666666
345,2019-12-31 04:45:00,1.12123,1.12123,1.12099,1.12112,GBPUSD,45,4,1,1,12,2019,31,0.000228884348196898,1.1215759513066577,1.1207420486933424,58.50955309641968,19.24179873513302,1.1209090000000002,1.1204973333333335
346,2019-12-31 04:50:00,1.12112,1.12112,1.12105,1.12108,GBPUSD,50,4,1,1,12,2019,31,0.00021552480052617696,1.1215302870436863,1.1208287129563133,57.57266394945572,18.88401457628231,1.1209383333333336,1.1205156666666667
347,2019-12-31 04:55:00,1.12108,1.1211,1.12097,1.12098,GBPUSD,55,4,1,1,12,2019,31,0.00019929507669634477,1.1215038198691605,1.1208741801308395,55.28328070323918,18.38518258134862,1.1209596666666666,1.1205366666666667
348,2019-12-31 05:00:00,1.12098,1.12098,1.12058,1.1206,GBPUSD,0,5,1,1,12,2019,31,0.00017560025914032857,1.1215668807215962,1.120780119278404,47.80975478833665,18.222773036041655,1.1209650000000002,1.1205508333333332
349,2019-12-31 05:05:00,1.12059,1.1207,1.12043,1.12049,GBPUSD,5,5,1,1,12,2019,31,0.0001463133726838788,1.1216418355562605,1.1206551644437392,45.94961344819336,18.237669146088383,1.1209666666666667,1.1205596666666666
350,2019-12-31 05:10:00,1.12049,1.12056,1.12049,1.12054,GBPUSD,10,5,1,1,12,2019,31,0.00011552099578459032,1.1216862204487752,1.1205637795512247,46.92069396477098,18.25206871913355,1.1209703333333334,1.120565
351,2019-12-31 05:15:00,1.12053,1.12062,1.12053,1.12055,GBPUSD,15,5,1,1,12,2019,31,8.52954423636109e-05,1.1217184805067664,1.1204885194932337,47.11726683627829,18.16861963951147,1.1209733333333332,1.1205703333333334
352,2019-12-31 05:20:00,1.12055,1.12056,1.1204,1.12041,GBPUSD,20,5,1,1,12,2019,31,5.458161257301868e-05,1.121753647379432,1.1203783526205682,44.718768229200826,18.23173167172492,1.1209723333333332,1.1205803333333333
353,2019-12-31 05:25:00,1.12041,1.12045,1.1203,1.12031,GBPUSD,25,5,1,1,12,2019,31,2.3451966192067826e-05,1.1217655429549778,1.1202624570450226,43.09767337552081,18.39660764217096,1.1209719999999999,1.1205863333333332
354,2019-12-31 05:30:00,1.12031,1.12033,1.11984,1.12002,GBPUSD,30,5,1,1,12,2019,31,-1.098667087094681e-05,1.1218204275358754,1.1200885724641247,38.87041295065336,18.93564175443708,1.120957,1.1205868333333333
355,2019-12-31 05:35:00,1.12002,1.12023,1.12002,1.12021,GBPUSD,35,5,1,1,12,2019,31,-4.2637609049067824e-05,1.1218185291668112,1.1199874708331887,42.68092394899758,19.45670806296099,1.1209456666666666,1.12059
356,2019-12-31 05:40:00,1.12021,1.12031,1.12021,1.1203,GBPUSD,40,5,1,1,12,2019,31,-6.934899992125502e-05,1.1217627080534622,1.1199292919465378,44.37985608406918,19.841384251958207,1.1209333333333333,1.1205961666666664
357,2019-12-31 05:45:00,1.12031,1.12039,1.12028,1.12036,GBPUSD,45,5,1,1,12,2019,31,-9.044879763304804e-05,1.1216962638034809,1.1198917361965188,45.49402983286674,20.09565307070906,1.1209190000000002,1.1206023333333335
358,2019-12-31 05:50:00,1.12036,1.12038,1.12032,1.12036,GBPUSD,50,5,1,1,12,2019,31,-0.00010671912009897337,1.121618732949391,1.119866267050609,45.49402983286674,20.34144626216822,1.1209006666666668,1.1206121666666669
359,2019-12-31 05:55:00,1.12036,1.12042,1.12033,1.12034,GBPUSD,55,5,1,1,12,2019,31,-0.00011918535771152315,1.1215408852780633,1.1198451147219366,45.171248679954054,20.516811312767086,1.120879,1.1206205
360,2019-12-31 06:00:00,1.12034,1.12043,1.1203,1.1203,GBPUSD,0,6,1,1,12,2019,31,-0.00012898029695940406,1.1214552373969098,1.1198297626030902,44.51775666665581,20.713908592402472,1.1208553333333333,1.120623
361,2019-12-31 06:05:00,1.1203,1.12035,1.1203,1.12032,GBPUSD,5,6,1,1,12,2019,31,-0.0001359743907373826,1.1213722785390927,1.119821721460907,44.929842578385774,20.90443596271668,1.1208333333333333,1.1206251666666667
362,2019-12-31 06:10:00,1.12032,1.12042,1.12032,1.12041,GBPUSD,10,6,1,1,12,2019,31,-0.0001391005163059778,1.1212846244758934,1.1198313755241065,46.77029086138512,20.970678425402916,1.1208083333333332,1.1206276666666668
363,2019-12-31 06:15:00,1.12041,1.12052,1.1204,1.12041,GBPUSD,15,6,1,1,12,2019,31,-0.0001393213594542067,1.1211730840547234,1.1198609159452766,46.77029086138513,20.8692803249541,1.120777,1.1206301666666667
364,2019-12-31 06:20:00,1.12041,1.12047,1.1204,1.12047,GBPUSD,20,6,1,1,12,2019,31,-0.00013643484438591823,1.1210427431036054,1.1199152568963946,48.009895646331394,20.77126216118691,1.1207523333333334,1.1206328333333333
365,2019-12-31 06:25:00,1.12047,1.12049,1.1204,1.1204,GBPUSD,25,6,1,1,12,2019,31,-0.0001325578597852358,1.120919615228813,1.1199663847711872,46.6974175587307,20.641918195848508,1.1207243333333332,1.120635
366,2019-12-31 06:30:00,1.1204,1.12041,1.12031,1.12033,GBPUSD,30,6,1,1,12,2019,31,-0.00012907798895006698,1.1207776614993514,1.1200333385006485,45.413119311809346,20.628330556370003,1.1206873333333334,1.1206378333333333
367,2019-12-31 06:35:00,1.12034,1.12036,1.12031,1.12031,GBPUSD,35,6,1,1,12,2019,31,-0.00012605433538159875,1.1206293221869863,1.1201146778130135,45.046940226582755,20.61519583820745,1.1206509999999998,1.1206403333333332
368,2019-12-31 06:40:00,1.12031,1.12032,1.12026,1.12026,GBPUSD,40,6,1,1,12,2019,31,-0.00012398555234312058,1.1205931065054033,1.1201168934945966,44.1267504289994,20.666635408148533,1.1206133333333335,1.1206418333333332
369,2019-12-31 06:45:00,1.12026,1.12037,1.12024,1.12036,GBPUSD,45,6,1,1,12,2019,31,-0.00012074568293042151,1.1205780326430623,1.1201189673569376,46.39239497081863,20.6169924582454,1.120581,1.120643
370,2019-12-31 06:50:00,1.12036,1.12036,1.12031,1.12031,GBPUSD,50,6,1,1,12,2019,31,-0.00011746415553629185,1.1205484709698121,1.1201255290301877,45.4393503844675,20.569004273339036,1.1205476666666667,1.1206443333333336
371,2019-12-31 06:55:00,1.12032,1.12034,1.1203,1.12031,GBPUSD,55,6,1,1,12,2019,31,-0.0001140608162438788,1.120511321658824,1.1201386783411755,45.4393503844675,20.537539485643723,1.120517,1.1206476666666665
372,2019-12-31 07:00:00,1.12031,1.12031,1.12019,1.1202,GBPUSD,0,7,1,1,12,2019,31,-0.00011225455436561079,1.1205042892807124,1.1201247107192873,43.34304274893595,20.665609703414596,1.1204840000000003,1.1206485000000002
373,2019-12-31 07:05:00,1.1202,1.12026,1.12019,1.1202,GBPUSD,5,7,1,1,12,2019,31,-0.00011128814606619847,1.120505591943187,1.120112408056813,43.34304274893595,20.789410913926446,1.1204496666666666,1.1206470000000002
374,2019-12-31 07:10:00,1.1202,1.1203,1.1202,1.1203,GBPUSD,10,7,1,1,12,2019,31,-0.00010904971264768811,1.1204653264317639,1.120180673568236,45.7767174954556,20.815792271461113,1.1204186666666667,1.1206471666666669
375,2019-12-31 07:15:00,1.1203,1.12036,1.1203,1.12036,GBPUSD,15,7,1,1,12,2019,31,-0.0001049255295955543,1.120463240239089,1.1201977597609112,47.184846177445415,20.698212431161664,1.1203933333333331,1.1206511666666665
376,2019-12-31 07:20:00,1.12036,1.12037,1.12029,1.12037,GBPUSD,20,7,1,1,12,2019,31,-9.943690103079212e-05,1.1204670451942196,1.1202009548057803,47.42026810625673,20.584551918872194,1.1203696666666665,1.1206540000000003
377,2019-12-31 07:25:00,1.12036,1.12043,1.12036,1.12042,GBPUSD,25,7,1,1,12,2019,31,-9.235642982210954e-05,1.1204751226477092,1.1201988773522906,48.605219780515306,20.330486594278156,1.120351,1.1206553333333331
378,2019-12-31 07:30:00,1.12043,1.12045,1.1203,1.12031,GBPUSD,30,7,1,1,12,2019,31,-8.61938792536815e-05,1.1204726797933269,1.1201963202066727,46.23390719547629,20.198959142990216,1.1203413333333332,1.1206531666666668
379,2019-12-31 07:35:00,1.12031,1.12045,1.1203,1.12041,GBPUSD,35,7,1,1,12,2019,31,-7.913781976194258e-05,1.1204802524535713,1.1201957475464288,48.59255183082947,20.07181594007854,1.1203386666666666,1.1206526666666667
380,2019-12-31 07:40:00,1.12041,1.12047,1.12041,1.12046,GBPUSD,40,7,1,1,12,2019,31,-7.091352458844258e-05,1.1204969826498212,1.120195017350179,49.73314049155017,19.89317575892513,1.1203359999999998,1.1206531666666668
381,2019-12-31 07:45:00,1.12045,1.12053,1.12044,1.12052,GBPUSD,45,7,1,1,12,2019,31,-6.126924184096235e-05,1.120525133931731,1.1201868660682688,51.08051818865537,19.557281146420642,1.120335,1.1206541666666667
382,2019-12-31 07:50:00,1.12052,1.12057,1.12047,1.12052,GBPUSD,50,7,1,1,12,2019,31,-5.1100862634308944e-05,1.1205446047227527,1.1201783952772473,51.08051818865537,19.126034352536823,1.1203386666666666,1.1206555
383,2019-12-31 07:55:00,1.12052,1.12068,1.12052,1.12068,GBPUSD,55,7,1,1,12,2019,31,-3.846785740558805e-05,1.1206065621378916,1.1201434378621087,54.556627325639745,18.53885175858393,1.1203509999999999,1.1206615
384,2019-12-31 08:00:00,1.12067,1.12068,1.12058,1.12061,GBPUSD,0,8,1,1,12,2019,31,-2.5981448431630788e-05,1.1206332787768691,1.1201307212231308,52.856766137110874,17.9712419177628,1.1203706666666666,1.1206638333333332
385,2019-12-31 08:05:00,1.12061,1.12062,1.12051,1.1206,GBPUSD,5,8,1,1,12,2019,31,-1.4341808524418581e-05,1.1206615492778298,1.1201224507221703,52.61449783804637,17.51673961585541,1.1203836666666667,1.1206646666666666
386,2019-12-31 08:10:00,1.1206,1.12067,1.12053,1.12066,GBPUSD,10,8,1,1,12,2019,31,-2.8531233811773596e-06,1.120701454051579,1.1201155459484213,53.92528789646194,16.937352687818862,1.1203956666666668,1.1206645000000002
387,2019-12-31 08:15:00,1.12063,1.12063,1.12056,1.12061,GBPUSD,15,8,1,1,12,2019,31,7.147472428703525e-06,1.120725791202441,1.120121208797559,52.66929504440018,16.37727865738353,1.120404,1.1206615000000002
388,2019-12-31 08:20:00,1.12062,1.12063,1.12056,1.12061,GBPUSD,20,8,1,1,12,2019,31,1.567482438048275e-05,1.1207439607800214,1.1201380392199787,52.66929504440018,15.835873761296046,1.1204123333333333,1.1206565
389,2019-12-31 08:25:00,1.12059,1.12063,1.12056,1.12061,GBPUSD,25,8,1,1,12,2019,31,2.2796031647949652e-05,1.1207629493794495,1.1201440506205504,52.66929504440018,15.312515695078144,1.1204213333333333,1.1206501666666668
390,2019-12-31 08:30:00,1.12061,1.12062,1.12056,1.12057,GBPUSD,30,8,1,1,12,2019,31,2.797245581120615e-05,1.1207723912302723,1.1201606087697278,51.60479781909641,14.80660289773417,1.1204303333333334,1.1206428333333334
391,2019-12-31 08:35:00,1.12057,1.12059,1.12052,1.12056,GBPUSD,35,8,1,1,12,2019,31,3.143527184858742e-05,1.1207783255093486,1.1201796744906514,51.33646348770386,14.442926524682115,1.1204383333333334,1.1206358333333335
392,2019-12-31 08:40:00,1.12056,1.12057,1.12051,1.12051,GBPUSD,40,8,1,1,12,2019,31,3.2773136831092585e-05,1.1207635704711438,1.120225429528856,49.991906781656084,14.122727817548622,1.1204416666666668,1.120625
393,2019-12-31 08:45:00,1.12051,1.12057,1.12051,1.12055,GBPUSD,45,8,1,1,12,2019,31,3.3272470596438604e-05,1.1207432983321202,1.1202807016678802,51.05285403651292,13.81320240065291,1.1204463333333334,1.1206116666666666
394,2019-12-31 08:50:00,1.12055,1.12055,1.12039,1.12046,GBPUSD,50,8,1,1,12,2019,31,3.170832121212127e-05,1.1207305630859823,1.1203094369140176,48.650449548159024,13.86472870129787,1.120446,1.1205991666666668
395,2019-12-31 08:55:00,1.12047,1.12061,1.12047,1.12057,GBPUSD,55,8,1,1,12,2019,31,3.0615531938230115e-05,1.1207280080878275,1.1203329919121723,51.53405741016189,13.710755723553136,1.1204516666666668,1.1205880000000001
396,2019-12-31 09:00:00,1.12058,1.1206,1.12046,1.12058,GBPUSD,0,9,1,1,12,2019,31,2.9965233038711265e-05,1.1207244062861788,1.1203575937138213,51.78866962955687,13.588922218015927,1.12046,1.1205736666666666
397,2019-12-31 09:05:00,1.12059,1.12063,1.1205,1.12055,GBPUSD,5,9,1,1,12,2019,31,2.9079438970162764e-05,1.120721840780987,1.1203731592190131,50.9578661170272,13.374897161337282,1.120468,1.1205595
398,2019-12-31 09:10:00,1.12055,1.12067,1.12049,1.12064,GBPUSD,10,9,1,1,12,2019,31,2.9462095393103403e-05,1.1207024727695796,1.1204255272304207,53.28368891134845,13.048017635010833,1.1204806666666667,1.120547
399,2019-12-31 09:15:00,1.12063,1.12081,1.12046,1.12047,GBPUSD,15,9,1,1,12,2019,31,2.7840331740890977e-05,1.120693507634549,1.1204404923654507,48.76468844111883,12.845700420523295,1.1204843333333334,1.1205326666666666
400,2019-12-31 09:20:00,1.12047,1.12061,1.12042,1.12042,GBPUSD,20,9,1,1,12,2019,31,2.418607740286973e-05,1.1206996338993804,1.1204303661006196,47.53800254553216,12.550113034402205,1.1204880000000002,1.1205178333333334
401,2019-12-31 09:25:00,1.12042,1.12043,1.1203,1.12042,GBPUSD,25,9,1,1,12,2019,31,1.9394334366905512e-05,1.120708394823712,1.120411605176288,47.538002545532166,12.270083423629357,1.1204916666666667,1.1205043333333333
402,2019-12-31 09:30:00,1.12042,1.12062,1.12039,1.12058,GBPUSD,30,9,1,1,12,2019,31,1.6649329481425297e-05,1.120710412677164,1.1204155873228359,51.69885076706108,12.106050778090585,1.1205043333333333,1.1204941666666668
403,2019-12-31 09:35:00,1.12058,1.12062,1.1204,1.12042,GBPUSD,35,9,1,1,12,2019,31,1.2740424366389216e-05,1.1206998067966953,1.1204001932033045,47.77876783991827,11.947485887403106,1.1205116666666666,1.1204806666666665
404,2019-12-31 09:40:00,1.12043,1.12054,1.12043,1.1205,GBPUSD,40,9,1,1,12,2019,31,9.55423567328361e-06,1.1206931039332173,1.1203958960667824,49.74958912283414,11.794206493071878,1.1205183333333333,1.1204685
405,2019-12-31 09:45:00,1.1205,1.12054,1.12039,1.12043,GBPUSD,45,9,1,1,12,2019,31,5.849471755771766e-06,1.1206905655116408,1.1203814344883591,48.10622896847424,11.562193056873687,1.1205206666666667,1.1204569999999998
406,2019-12-31 09:50:00,1.12042,1.12054,1.12037,1.12053,GBPUSD,50,9,1,1,12,2019,31,3.595994246527206e-06,1.1206726192823058,1.1203863807176941,50.52160140572863,11.2970140571472,1.1205260000000001,1.1204478333333334
407,2019-12-31 09:55:00,1.12053,1.12059,1.12042,1.12053,GBPUSD,55,9,1,1,12,2019,31,2.3620899583740802e-06,1.1206635273524352,1.1203874726475644,50.52160140572863,11.13280512561891,1.1205296666666666,1.1204403333333335
408,2019-12-31 10:00:00,1.12053,1.12099,1.12028,1.12096,GBPUSD,0,10,1,1,12,2019,31,8.686932894104002e-06,1.1207796520264002,1.1203063479736,59.24961742032621,11.512330676379266,1.1205513333333335,1.1204463333333334
409,2019-12-31 10:05:00,1.12097,1.12102,1.12057,1.12068,GBPUSD,5,10,1,1,12,2019,31,1.4930857689977249e-05,1.120789314576254,1.1203036854237463,52.95693811810366,11.911246195355186,1.1205603333333334,1.1204494999999999
410,2019-12-31 10:10:00,1.12068,1.12068,1.1203,1.12046,GBPUSD,10,10,1,1,12,2019,31,1.7252745753220723e-05,1.1207865412335816,1.1202954587664185,48.748693864998074,11.894251341932936,1.1205603333333334,1.1204481666666666
411,2019-12-31 10:15:00,1.12046,1.12055,1.12029,1.12042,GBPUSD,15,10,1,1,12,2019,31,1.6317160830338786e-05,1.1207851782183804,1.1202828217816194,48.03080290273408,11.864393771681508,1.1205570000000002,1.120446
412,2019-12-31 10:20:00,1.12043,1.12073,1.12042,1.12071,GBPUSD,20,10,1,1,12,2019,31,1.7978490371685433e-05,1.1208068106633247,1.1202811893366753,53.19978055723624,12.016115465334034,1.1205633333333334,1.120451
413,2019-12-31 10:25:00,1.12072,1.12084,1.12055,1.1207,GBPUSD,25,10,1,1,12,2019,31,2.097990517310972e-05,1.1208234345364705,1.1202795654635294,53.01169493572469,12.263762832333581,1.1205640000000001,1.1204575
414,2019-12-31 10:30:00,1.1207,1.1208,1.12063,1.12067,GBPUSD,30,10,1,1,12,2019,31,2.4137470403952806e-05,1.1208352725119908,1.1202887274880093,52.436357304048386,12.503155287099812,1.1205660000000002,1.1204683333333336
415,2019-12-31 10:35:00,1.12067,1.12083,1.12067,1.12078,GBPUSD,35,10,1,1,12,2019,31,2.8927354489233584e-05,1.120862681381606,1.1202823186183943,54.31697547430248,12.762104719184903,1.120572,1.1204778333333334
416,2019-12-31 10:40:00,1.12079,1.12091,1.12067,1.12085,GBPUSD,40,10,1,1,12,2019,31,3.5540128595062125e-05,1.1209016546622648,1.120270345337735,55.47588472641871,13.084342818933854,1.1205783333333335,1.1204870000000002
417,2019-12-31 10:45:00,1.12084,1.12113,1.12078,1.12098,GBPUSD,45,10,1,1,12,2019,31,4.494187323678945e-05,1.1209681937358378,1.1202468062641617,57.54503320168593,13.573733620878336,1.1205906666666665,1.1204973333333332
418,2019-12-31 10:50:00,1.12098,1.12113,1.12095,1.12112,GBPUSD,50,10,1,1,12,2019,31,5.773002220306848e-05,1.1210589908094044,1.1202040091905956,59.634862132970134,14.046811396091337,1.120607666666667,1.12051
419,2019-12-31 10:55:00,1.12112,1.12133,1.12111,1.12119,GBPUSD,55,10,1,1,12,2019,31,7.295555861276699e-05,1.1211548072871662,1.120180192712834,60.63708148409055,14.649457651163575,1.120627,1.1205241666666665
420,2019-12-31 11:00:00,1.12118,1.12126,1.12112,1.12125,GBPUSD,0,11,1,1,12,2019,31,8.970163895615247e-05,1.1212463580326777,1.1201716419673227,61.485016418035634,15.232015697733402,1.1206496666666665,1.1205399999999999
421,2019-12-31 11:05:00,1.12123,1.12136,1.12096,1.12112,GBPUSD,5,11,1,1,12,2019,31,0.00010424438732211903,1.1212931581811412,1.1201948418188588,58.653092938719425,15.591060527440353,1.1206683333333336,1.1205533333333335
422,2019-12-31 11:10:00,1.12111,1.12112,1.12095,1.121,GBPUSD,10,11,1,1,12,2019,31,0.00011449165103052133,1.1213198446653354,1.1202101553346646,56.182100896370315,15.925787664411276,1.1206846666666666,1.1205631666666667
423,2019-12-31 11:15:00,1.121,1.12101,1.1207,1.12081,GBPUSD,15,11,1,1,12,2019,31,0.00011821712101315797,1.1213151787833258,1.1202538212166744,52.55554337264057,15.962949060006764,1.120693333333333,1.1205698333333334
424,2019-12-31 11:20:00,1.12082,1.12106,1.12082,1.12106,GBPUSD,20,11,1,1,12,2019,31,0.0001213787250010727,1.1213390528138838,1.1202859471861162,56.38747288894016,16.036987129388308,1.1207133333333332,1.1205796666666665
425,2019-12-31 11:25:00,1.12107,1.12143,1.12107,1.1214,GBPUSD,25,11,1,1,12,2019,31,0.00012916902695981437,1.1214170726689716,1.1203049273310286,60.8375179538456,16.361961652500394,1.1207409999999998,1.1205963333333335
426,2019-12-31 11:30:00,1.1214,1.12143,1.12125,1.12126,GBPUSD,30,11,1,1,12,2019,31,0.00013692410605812804,1.1214579086596481,1.120337091340352,58.30344144794582,16.676103691508747,1.1207636666666665,1.120611833333333
427,2019-12-31 11:35:00,1.12126,1.12136,1.12115,1.12121,GBPUSD,35,11,1,1,12,2019,31,0.00014314077555662474,1.1214804233217643,1.1203825766782356,57.4198018888818,16.87171618907107,1.1207856666666667,1.1206268333333333
428,2019-12-31 11:40:00,1.12121,1.12129,1.12111,1.12127,GBPUSD,40,11,1,1,12,2019,31,0.0001486983298095426,1.121516435521527,1.1203775644784733,58.20611977849536,17.017706558130893,1.1208066666666665,1.1206436666666666
429,2019-12-31 11:45:00,1.12128,1.12173,1.12125,1.12161,GBPUSD,45,11,1,1,12,2019,31,0.0001586370150706833,1.121620146019878,1.120366853980122,62.28851491173862,17.436023932038673,1.1208446666666667,1.1206645
430,2019-12-31 11:50:00,1.12161,1.12165,1.12139,1.12149,GBPUSD,50,11,1,1,12,2019,31,0.00016852461030603065,1.1216561421339697,1.1204338578660304,60.14356527737739,17.840397393482856,1.1208803333333333,1.1206841666666667
431,2019-12-31 11:55:00,1.1215,1.12156,1.12126,1.12134,GBPUSD,55,11,1,1,12,2019,31,0.00017508459515318503,1.1216393333336163,1.1205426666663838,57.57960623765491,18.095788306900534,1.120911,1.1207013333333333
432,2019-12-31 12:00:00,1.12135,1.12161,1.12131,1.12145,GBPUSD,0,12,1,1,12,2019,31,0.00018057094557669877,1.1216678869009407,1.1205881130990596,58.90852468653673,18.37302172532154,1.12094,1.1207221666666667
433,2019-12-31 12:05:00,1.12147,1.1216,1.12124,1.12125,GBPUSD,5,12,1,1,12,2019,31,0.00018149431828662956,1.121658353931409,1.120652646068591,55.63060730265409,18.568936297764754,1.1209676666666666,1.1207396666666665
434,2019-12-31 12:10:00,1.12125,1.12125,1.12085,1.12088,GBPUSD,10,12,1,1,12,2019,31,0.00017319250407497527,1.1216337110809895,1.1206982889190102,50.27658012774415,18.397796817253873,1.1209803333333332,1.1207493333333332
435,2019-12-31 12:15:00,1.12088,1.12118,1.12084,1.1211,GBPUSD,15,12,1,1,12,2019,31,0.00016265894700147888,1.1216146953133879,1.120749304686612,53.05561887331669,18.223841152440574,1.1210026666666666,1.1207616666666667
436,2019-12-31 12:20:00,1.1211,1.12135,1.12104,1.12135,GBPUSD,20,12,1,1,12,2019,31,0.0001548966345517644,1.121616060505776,1.1207979394942242,55.949777319935535,18.16432410469023,1.12103,1.120778
437,2019-12-31 12:25:00,1.12135,1.12146,1.12113,1.12141,GBPUSD,25,12,1,1,12,2019,31,0.0001498824219842856,1.1216324944925578,1.1208245055074422,56.613863078365696,18.17388279439342,1.1210593333333334,1.1207945
438,2019-12-31 12:30:00,1.12141,1.12156,1.12136,1.12152,GBPUSD,30,12,1,1,12,2019,31,0.00014826689188899352,1.1216691398290777,1.1208278601709225,57.81986693229878,18.246862901173067,1.121078,1.1208146666666667
439,2019-12-31 12:35:00,1.12152,1.12179,1.12148,1.12177,GBPUSD,35,12,1,1,12,2019,31,0.00015251695263168103,1.1217570117829803,1.12079798821702,60.40737990703821,18.459908408882324,1.1211143333333335,1.1208373333333335
440,2019-12-31 12:40:00,1.12176,1.12179,1.12141,1.12159,GBPUSD,40,12,1,1,12,2019,31,0.0001570012450113851,1.1217936139227784,1.1207953860772213,57.76790834705642,18.596802708470932,1.121152,1.1208561666666665
441,2019-12-31 12:45:00,1.12159,1.1216,1.12136,1.12153,GBPUSD,45,12,1,1,12,2019,31,0.00016008217267411026,1.1218176037180374,1.1208123962819627,56.91043448394452,18.67945119670993,1.121189,1.120873
442,2019-12-31 12:50:00,1.12153,1.12173,1.12149,1.12172,GBPUSD,50,12,1,1,12,2019,31,0.00016478847057937472,1.1218616816626261,1.1208403183373739,58.90850932749511,18.843349374768795,1.1212226666666667,1.120893
443,2019-12-31 12:55:00,1.12173,1.12175,1.12132,1.12171,GBPUSD,55,12,1,1,12,2019,31,0.00016973167673372665,1.1218626746556506,1.1209293253443495,58.760157723730856,18.833914233365505,1.1212563333333334,1.1209101666666668
444,2019-12-31 13:00:00,1.1217,1.12202,1.12168,1.1217,GBPUSD,0,13,1,1,12,2019,31,0.00017401784437005236,1.1218853424060065,1.1209706575939937,58.60747479608309,18.991959648483455,1.1212906666666667,1.1209283333333333
